region_id,heightroof,groundelev,ld01,ld02,ld03,ld04,ld05,ld06,ld07,ld08,ld09,ld10,ld11,alonepct,far,volume,assessland,assesstot,respct,offpct,retpct,facpct,strpct,totalemission,directemission
36005022102,72.28,95.0,0.0,0.0,4983.0,0.0,0.0,0.0,0.0,0.0,0.0,0.0,0.0,0.0,8.244431065623118,801559.520021501,12.010836845273932,353.73269114990967,1.0,0.0,0.0,0.0,0.0,0.0,0.0
36005028900,88.65346208,11.0,0.0,0.0,0.0,0.0,0.0,185000.0,0.0,0.0,0.0,0.0,0.0,1.0,1.7124324324324325,4531666.905949687,13.378378378378379,76.1181081081081,0.0,0.0,0.005681818181818182,0.0,0.9943181818181818,514.8,177.7
36047093400,18.2,27.0,0.0,0.0,7550.0,0.0,0.0,0.0,0.0,0.0,0.0,0.0,0.0,0.0,6.580132450331126,18041.399937184986,203.841059602649,440.6423841059603,1.0,0.0,0.0,0.0,0.0,224.2,136.1
36061000201,44.24,19.333333333333332,0.0,0.0,0.0,0.0,0.0,0.0,568800.0,178466.0,0.0,0.0,0.0,1.0,0.8584292607986982,10292129.762066908,19.926639242251085,69.71914953978904,0.0,0.0,0.0,0.0,0.0,2178.8,978.0000000000001
36061000202,118.23475932357144,21.285714285714285,0.0,0.0,352765.0,22750.0,34515.0,0.0,568800.0,71361.0,0.0,0.0,0.0,1.0,1.8435122753860964,20644769.112192076,27.11721010749473,93.8066504093065,0.6553139397946324,0.01077766988285366,0.023756740563211504,0.0,0.0,9633.599999999999,2148.1000000000004
36061000600,101.80087152941175,21.0,0.0,0.0,69211.0,103918.0,0.0,0.0,1137600.0,165450.0,0.0,0.0,0.0,0.9478504978054829,1.6099239997317398,29525815.147897962,22.84601325449014,144.05209598564943,0.3486524083792545,0.002078234876307365,0.009456200116472042,0.0,0.00025541376187863344,15200.0,4525.7
36061000700,384.2587969765999,17.92,0.0,0.0,141773.0,255800.0,770690.0,0.0,0.0,11346.0,0.0,0.0,0.0,0.523064846063399,21.570035494812263,428612205.5427366,560.679177591897,2059.263961193921,0.26104844764671004,0.6441055268845468,0.026863913390426614,0.0,0.01470951660197087,173006.3,12332.400000000001
36061000800,85.53326038294118,27.88235294117647,0.0,0.0,0.0,276057.0,17650.0,67870.0,103040.0,11423.0,0.0,0.0,0.0,0.7628686664986135,4.5913725737333,18915802.433975294,69.30271615830603,205.92016217124612,0.7026161688117686,0.023114119789886613,0.04192019223334464,0.0,0.12113043235574149,14195.000000000002,8923.300000000001
36061000900,327.87077829410254,11.23076923076923,0.0,0.0,2907.0,69630.0,889101.0,0.0,400717.0,11110.0,0.0,11398.0,0.0,0.5859965931648112,14.208632189610091,363884293.2573707,343.63064721925565,1125.3215704369313,0.03602757919153261,0.89579081861476,0.01877759978663424,0.0,0.002063169255042776,124634.19999999998,7736.999999999998
36061001002,78.17,7.0,0.0,0.0,0.0,0.0,0.0,0.0,0.0,20565.0,0.0,0.0,0.0,1.0,4.549963530269876,1382294.8984362434,37.59299781181619,188.53391684901533,0.0,0.0,0.0,0.0,0.0,420.1,322.5
36061001200,84.36745709,22.46153846153846,0.0,0.0,203481.0,37446.0,23921.0,0.0,0.0,65663.0,0.0,31845.0,0.0,0.7460729227610416,4.039187980880681,15705733.53368338,46.65592676815066,299.40558180353025,0.6778236760260832,0.015248451788164172,0.006658130776756872,0.0,0.0,7915.700000000001,4275.9
36061001300,350.8204968691891,17.56756756756757,0.0,0.0,96836.0,144662.0,519434.0,0.0,0.0,16871.0,0.0,0.0,0.0,0.23927652631836083,18.532349450953518,241445467.2594525,405.48829587954793,1649.33701207118,0.2149073049065744,0.6580715815868128,0.03534714343879854,0.0,0.0004460780753180977,93911.60000000002,15543.000000000004
36061001401,68.45,26.0,0.0,0.0,0.0,0.0,0.0,0.0,0.0,6050.0,0.0,0.0,0.0,1.0,2.9798347107438015,344680.0561064803,87.76859504132231,154.71074380165288,0.0,1.0,0.0,0.0,0.0,187.2,82.2
36061001402,87.75999999999999,28.11111111111111,0.0,0.0,0.0,105214.0,6825.0,0.0,0.0,80750.0,0.0,0.0,0.0,0.8062441321859649,3.6760447950868564,11889256.892264856,82.03165118341813,522.6670038228323,0.5016135154317547,0.10457301457173053,0.13886392145629822,0.0,0.014553387112477617,4561.6,2012.8000000000002
36061001501,171.2793801402703,26.08108108108108,0.0,0.0,89909.0,142098.0,246475.0,0.0,0.0,88299.0,0.0,17963.0,0.0,0.4805333616078147,10.401442340579809,103987026.29056023,188.1882499008113,1151.6016239585185,0.3811803693444835,0.44919117007533976,0.034788507609359205,0.0,0.0,36340.299999999996,7139.599999999999
36061001502,235.9135622522581,21.580645161290324,0.0,0.0,79504.0,243934.0,484719.0,0.0,0.0,11219.0,0.0,0.0,0.0,0.27934306106110013,15.49780686766515,203644732.0885396,347.4840219874636,1484.5827324695865,0.3067498122420617,0.5684745739487505,0.0435911051443667,0.0,0.0010129518130876714,81560.40000000002,12946.000000000002
36061001600,109.15845080499999,38.9,0.0,0.0,8755.0,41130.0,50431.0,0.0,8821.0,354680.0,0.0,0.0,0.0,0.20666340388558418,2.1893095768374167,27802774.041759152,64.74504384272245,244.30381594465058,0.1914009605697634,0.10084308363180851,0.062337570252866,0.0,0.04522280511187772,5155.599999999999,2710.7
36061001800,120.72230078291669,36.958333333333336,0.0,0.0,14691.0,105492.0,73205.0,0.0,0.0,86845.0,0.0,22402.0,0.0,0.43261024005815585,5.7353676871478845,37051523.328696676,122.17591488096221,691.3897731590861,0.26434920779410076,0.03940490504533269,0.1044014511532082,0.0,0.0,10425.199999999999,3739.1
36061002000,79.46,9.0,0.0,0.0,0.0,0.0,0.0,0.0,0.0,38333.0,0.0,0.0,0.0,1.0,3.626118487986852,3022927.332245486,62.68750163044896,212.25706310489656,0.0,0.0,0.0,0.0,0.0,551.3,340.3
36061002100,199.41157473701756,24.385964912280702,0.0,2760.0,85756.0,515246.0,403373.0,0.0,0.0,0.0,0.0,0.0,0.0,0.366582434331048,12.847727464540503,203429609.56983,202.85528255894195,1412.9782620999172,0.38960868034334833,0.47408163410409576,0.07716867155159329,0.0,0.00706995906145851,76399.19999999995,16931.7
36061002201,65.87997352916666,19.75,0.0,0.0,114688.0,25889.0,0.0,0.0,0.0,174080.0,206647.0,0.0,0.0,0.8879943372772893,1.604305740987984,10187190.555182027,41.08545109955036,173.72651658149564,0.5894029995300903,0.010812704539231477,0.018467568462725882,0.0,0.0019872514590515,3799.0,1924.5
36061002202,86.297795375,14.833333333333334,0.0,0.0,28231.0,55194.0,0.0,0.0,0.0,4424.0,6715.0,0.0,0.0,0.4282813755763293,5.880229262721543,7304653.921810373,93.16547523370416,604.9588638382471,0.7643015656640134,0.07336644738498502,0.039614572580558144,0.0,0.0,2901.5,1607.1000000000001
36061002500,52.61598718,8.666666666666666,0.0,0.0,0.0,0.0,0.0,0.0,0.0,274257.0,0.0,0.0,0.0,1.0,1.236085131828905,4149707.215235086,69.13661273914613,140.63269123486364,0.0,0.34117195911564724,0.0,0.0,0.0,1227.6999999999998,561.3000000000001
36061002601,73.3357071311111,12.11111111111111,0.0,4853.0,17575.0,6764.0,0.0,0.0,0.0,155531.0,0.0,0.0,0.0,0.5351418069217152,2.454973121917682,6805638.736945901,47.65947391499705,237.65422280928743,0.3137114379589407,0.05908178791153058,0.012950671459128095,0.0,0.0,2645.5999999999995,1589.6
36061002602,84.208128606,9.5,0.0,0.0,34341.0,50796.0,0.0,0.0,0.0,15261.0,0.0,0.0,0.0,0.05806888583437917,4.478067292177135,6234779.657488602,68.17209506165462,530.8758640610371,0.7540687160940326,0.06353358289459929,0.05642931655356337,0.0,0.0,2259.9,1357.2
36061002700,149.632345635,27.5,0.0,0.0,186750.0,0.0,8625.0,0.0,0.0,19178.0,0.0,0.0,0.0,0.08938583939632631,3.1376582942210085,6813457.814876069,67.69648525073059,290.2657431963198,0.0,0.06447472793875168,0.03445514962997293,0.0,0.08109846492987163,3789.0,741.2
36061002800,84.59276492235296,9.352941176470589,0.0,18461.0,126841.0,42394.0,0.0,13210.0,0.0,90584.0,0.0,0.0,0.0,0.4177364575114069,3.4984870836049264,11919704.598352704,53.11111187347765,336.0666986860613,0.7510271883770325,0.0029418282874440808,0.006462216138085498,0.0,0.09557117557419585,4364.500000000001,2781.6000000000004
36061002900,154.55201203038462,27.692307692307693,0.0,0.0,25125.0,39758.0,371806.0,0.0,0.0,481810.0,0.0,4825.0,0.0,0.4375398018463725,8.238876060841049,121613779.10142034,156.94715397845178,701.7895332515997,0.02768789160516314,0.5239939993311558,0.02200955101199503,0.0,0.0,47051.6,8186.500000000001
36061003001,135.02811396666667,29.75,0.0,0.0,35039.0,33486.0,30491.0,0.0,0.0,139756.0,0.0,0.0,0.0,0.643588863015764,5.380945001926524,18518203.91677767,72.50225738361281,641.6908515236292,0.35602602389908616,0.05340363117295121,0.044315191478332745,0.0,0.001932567933693384,8202.3,3765.6999999999994
36061003002,73.49818181818182,23.818181818181817,0.0,6678.0,96522.0,66888.0,5280.0,0.0,0.0,8790.0,0.0,0.0,0.0,0.38953507314371355,3.468293530555284,8228263.6741998345,81.66846403631664,350.7868406477047,0.8301853411699133,0.003186089548686893,0.10826128752461979,0.0,0.0,3101.3999999999996,1791.3000000000002
36061003100,138.53111536789473,22.105263157894736,0.0,0.0,26121.0,115464.0,1037917.0,0.0,0.0,90978.0,0.0,0.0,0.0,0.7695233297651282,3.8704387318178957,75226521.94525981,77.0769858636106,441.0926350670613,0.2273669675422461,0.4013218595920741,0.055269389900789355,0.001632598277718633,0.007788600079514939,27471.000000000007,6414.7
36061003200,80.41466666666669,21.533333333333335,0.0,0.0,106167.0,61616.0,0.0,0.0,0.0,28865.0,0.0,0.0,0.0,0.4777266994833408,4.862978519995118,10215080.914017323,76.46759692445384,467.45328200642774,0.8608912521763682,0.001045702424461071,0.04811381425187834,0.0,0.0,8506.7,6928.100000000002
36061003300,128.17570211196073,17.058823529411764,0.0,25941.0,156814.0,427218.0,343843.0,5655.0,0.0,24760.0,0.0,0.0,0.0,0.14823755805293676,10.001301523727662,151513449.720622,159.8935270276998,1278.3201606127018,0.41437154388068337,0.43690925395010827,0.06892728476833301,0.0029867149092236765,0.015545343157796784,95168.99999999994,19718.299999999996
36061003400,74.25505772428572,15.142857142857142,0.0,0.0,26560.0,102450.0,0.0,0.0,0.0,56681.0,0.0,0.0,0.0,0.4010533628447259,4.4698450651889425,12377348.614144202,88.59395985804375,547.121874511958,0.5875085842339249,0.010458910133612848,0.09904218021469621,0.0,0.0,4109.2,2001.1000000000001
36061003601,99.771566922,41.8,0.0,0.0,51480.0,69452.0,18576.0,0.0,0.0,36783.0,0.0,0.0,0.0,0.47086918787686266,6.402805588487217,15951514.040713342,76.03679711386287,716.8651604449461,0.5701306835749412,0.011074128443943204,0.07722919990750889,0.0,0.06480579965395564,7503.0,3614.6
36061003602,85.96408662705883,39.94117647058823,0.0,11501.0,35772.0,52849.0,12204.0,5000.0,0.0,67861.0,0.0,0.0,0.0,0.04166059172620108,5.709331648549845,14180438.64584605,120.43216316480098,613.3722669517839,0.4510665907495928,0.0,0.053117675878232545,0.0,0.04965222539804444,7799.199999999998,4386.900000000001
36061003700,154.53305098526315,15.298245614035087,0.0,0.0,100572.0,117286.0,869785.0,194440.0,0.0,39623.0,0.0,0.0,0.0,0.36017162667037905,8.381707429640176,192402320.88960558,131.10835995296986,1045.313482726113,0.1200293045239581,0.6690720014428398,0.04091990785828648,0.0,0.06845148284195028,62830.40000000001,15910.000000000002
36061003800,103.0723185038889,36.44444444444444,0.0,0.0,60616.0,45495.0,8775.0,0.0,0.0,56747.0,0.0,0.0,0.0,0.18670069275722034,5.0080928492772365,11044600.12560233,112.71810199670226,454.92238672050246,0.630152381351259,0.045254864732175056,0.0726144023528481,0.0,0.0,4624.0,2513.5
36061003900,118.5962438167742,12.0,0.0,16004.0,232931.0,487120.0,242669.0,0.0,0.0,5027.0,0.0,8771.0,0.0,0.08764541239388145,8.031629525592379,91700929.52533323,102.09523516859072,1062.0137135499263,0.6242215302909628,0.2819125068101399,0.03266759655470586,0.0,0.005671405466100839,32562.599999999988,12887.6
36061004000,105.20355251600002,29.84,0.0,0.0,92850.0,110008.0,12077.0,0.0,0.0,163458.0,0.0,0.0,0.0,0.24758914673368693,4.406178232684009,23129554.661959596,139.26238064657645,520.3724276083332,0.5776849178925751,0.0027548077182598827,0.05015993239235227,0.0,0.0006741571685878747,9268.299999999997,4851.8
36061004100,80.7880162808889,34.06666666666667,0.0,0.0,0.0,162529.0,146365.0,0.0,0.0,46536.0,0.0,9666.0,0.0,0.10450675986589829,5.533194009246883,29821594.148914643,120.89369645243991,662.6140604115083,0.29093971874324,0.2779461098623021,0.17565157387061436,0.010364592279670737,0.018763981037023543,13460.799999999997,5558.2
36061004200,122.9526907275,38.583333333333336,0.0,10344.0,103086.0,86664.0,52745.0,0.0,0.0,41272.0,0.0,0.0,0.0,0.4305891313143677,8.221535406700191,32199671.96734795,150.2371111587122,1042.5731577533652,0.5602689611934274,0.12799146748363555,0.0822718693290941,0.0,0.0,17275.7,7036.2
36061004300,106.41481017048781,38.48780487804878,0.0,0.0,34075.0,203289.0,207105.0,0.0,0.0,12633.0,0.0,0.0,0.0,0.12735669500461605,7.507976337885198,42963777.12977445,176.19232687671462,1426.516508350434,0.26995542716579773,0.4840081808648301,0.11428559773257524,0.0,0.007929401432612908,18428.9,6643.000000000001
36061004400,58.0,9.0,0.0,0.0,0.0,0.0,0.0,0.0,370537.0,0.0,0.0,0.0,0.0,1.0,0.0,2238177.2074038563,0.0,0.0,0.0,0.0,0.0,0.0,0.0,1234.7,86.3
36061004500,105.88917389461538,22.846153846153847,0.0,0.0,47099.0,59804.0,210655.0,0.0,0.0,0.0,0.0,0.0,0.0,0.03700111475698927,6.791127919939035,31817862.55979029,156.53170759357346,1177.5249938593895,0.24763595271580843,0.4427799239257397,0.23770447333899972,0.0,0.018368924457601098,12096.899999999996,3411.6000000000004
36061004700,102.33406466687507,12.479166666666666,0.0,0.0,71443.0,169835.0,156936.0,0.0,0.0,0.0,0.0,19546.0,0.0,0.13833540788969742,5.94761346227499,39921641.161013216,177.19939199540406,1055.1796150900038,0.3766569068389226,0.2766124342217795,0.14885206314709168,0.0,0.005668749434030607,15416.700000000003,4915.6
36061004800,133.32,26.8,0.0,0.0,183259.0,55198.0,0.0,0.0,0.0,203612.0,0.0,0.0,0.0,0.059520120162237115,7.8401855818888,50398174.99563231,132.94201357706604,808.8515684203145,0.5675513711722457,0.2873836919267504,0.014293821840945924,0.0,0.0003609448966113593,35904.5,8900.4
36061004900,97.03331232691357,23.864197530864196,0.0,0.0,200918.0,211027.0,203814.0,0.0,0.0,12525.0,0.0,0.0,0.0,0.0497131870300692,6.48794494209625,57333184.479014866,168.73175665781716,1249.8645023588058,0.47576412957722153,0.281733407387927,0.1857822539810886,0.0,0.01981958024390914,22809.8,9147.500000000002
36061005000,150.8028888888889,34.644444444444446,0.0,5198.0,166911.0,140047.0,162574.0,0.0,93778.0,58964.0,0.0,6660.0,0.0,0.2685261112828244,9.388646212460497,102107483.90071738,273.85452082531714,1109.6073514662562,0.4103438551299952,0.36923438951055326,0.10244101046737618,0.0,0.04339529373705939,53574.399999999994,12289.899999999998
36061005200,144.3777808930303,39.90909090909091,0.0,0.0,114309.0,137008.0,333237.0,0.0,0.0,24505.0,0.0,0.0,0.0,0.0,9.772856160076445,82891134.7636576,320.7145481800614,1456.591885186821,0.30238904776449094,0.5015505071530981,0.11715191206815041,0.009372932503125712,0.0053762898912444144,39440.49999999999,14074.899999999996
36061005400,140.2028033226506,35.89156626506024,0.0,0.0,181938.0,118461.0,546179.0,0.0,0.0,0.0,0.0,0.0,0.0,0.012196159125325724,9.711836357665803,97253052.55649532,219.3898955559913,1328.471609231518,0.2951060634090209,0.5071811897769194,0.13906203572514966,0.0,0.005057756627571949,50134.60000000001,21412.3
36061005501,115.52731978642858,35.357142857142854,0.0,0.0,112140.0,48600.0,80927.0,0.0,0.0,73150.0,0.0,0.0,0.0,0.7222958099467309,6.249478268327314,27884251.849029623,114.10914912472961,623.6151478477973,0.43009603332652246,0.1506341737138884,0.07849329230544026,0.0,0.0,88679.0,81954.1
36061005502,108.33475056649999,41.225,0.0,0.0,95857.0,97607.0,109934.0,0.0,0.0,7287.0,0.0,0.0,0.0,0.02895859149942868,7.66286431594702,30276105.316434857,140.84945201731657,1084.3486618278964,0.46398111173136725,0.2944147127549158,0.16513919849189557,0.0020749877033876484,0.009713798710231328,13369.799999999997,5753.599999999999
36061005600,225.87009164956527,37.06521739130435,0.0,0.0,58179.0,180859.0,494734.0,0.0,0.0,22218.0,0.0,0.0,0.0,0.1479675657085411,14.175302583367506,190485014.81528446,449.63568301168004,1954.456958425376,0.2170420870392232,0.5312843778411511,0.03457265960999729,0.0,0.16871376518970432,74410.70000000001,12513.099999999999
36061005700,143.32247152633335,40.766666666666666,0.0,0.0,86125.0,126490.0,314032.0,0.0,0.0,55802.0,0.0,0.0,0.0,0.23184175781913954,9.638461049808653,70759727.47558466,179.39844346887023,1272.956523232077,0.3870448984593987,0.4192299416164699,0.08515594829416635,0.0,0.00809453372265187,32180.499999999993,13984.900000000003
36061005800,166.65451115961545,39.61538461538461,0.0,0.0,59052.0,216322.0,593909.0,0.0,0.0,39375.0,0.0,0.0,0.0,0.039766336729550614,11.380912290432704,144787270.11322856,337.1379440889752,1540.405769827592,0.2689882962168311,0.5544569247536856,0.1042944364071369,0.0,0.008169430762326452,59257.399999999994,21589.7
36061005900,133.19108672970586,34.294117647058826,0.0,0.0,240316.0,201800.0,30317.0,0.0,0.0,95058.0,0.0,0.0,0.0,0.09163140913247964,7.734873328387587,60918084.6818449,112.95142654244736,824.8925392649398,0.6715298950602476,0.04972854359898949,0.062150085967078945,0.0,0.0,21534.399999999998,13246.9
36061006100,128.7253234016364,38.67272727272727,0.0,10075.0,175056.0,100349.0,173484.0,0.0,0.0,62390.0,0.0,0.0,0.0,0.09249569390471733,8.745434004534347,64756320.90764759,155.4116972345086,1169.084597030041,0.446664928159366,0.2387803223490816,0.09647794358419526,0.0,0.004351605132792934,23962.499999999996,10703.3
36061006200,165.17875,13.875,0.0,0.0,0.0,0.0,129000.0,0.0,395800.0,192691.0,79275.0,0.0,0.0,0.9047010038078934,2.8706270096866584,31289080.518987693,92.86277275887777,420.6612104432167,0.0,0.5569517203869504,0.0,0.0,0.0,95250.7,61155.1
36061006300,115.96826923076925,26.923076923076923,0.0,4715.0,282812.0,108242.0,103877.0,0.0,0.0,38860.0,0.0,0.0,0.0,0.10391713369953166,8.043342135463671,53192589.691980995,138.6945660772582,960.8333259053752,0.6809101378126365,0.15919862178128583,0.0520948481179705,0.0,7.041622685383992e-05,25323.19999999999,15425.700000000003
36061006400,122.97678832170212,19.97872340425532,0.0,7190.0,638928.0,183991.0,28882.0,0.0,0.0,321972.0,0.0,14906.0,0.0,0.20907473979173305,6.924457444753564,68591816.35130851,109.54225504633033,633.569395978991,0.7363921647620069,0.10406323393163706,0.035988674447610024,0.0,0.008193104387721683,27886.000000000004,11194.699999999999
36061006500,94.73092683964286,22.0,0.0,0.0,76585.0,95148.0,8500.0,0.0,0.0,63149.0,0.0,23650.0,0.0,0.07460154588214146,6.365570418526619,22342397.364837766,118.32406228467,766.7873663081579,0.48531160228990167,0.04140166171415528,0.07461182449107577,0.0,0.00021472975524926006,7905.200000000002,4265.299999999999
36061006600,137.64843095548386,30.096774193548388,0.0,0.0,403427.0,82560.0,0.0,0.0,0.0,119871.0,0.0,0.0,0.0,0.43074614843742265,7.429567654466888,50120958.27187061,125.31277296000053,840.4494138890631,0.7592015840887324,0.12355776589814903,0.021131402453044845,0.0,0.0,33445.50000000001,10174.5
36061006700,85.57363636363638,17.636363636363637,0.0,11546.0,60607.0,44789.0,25100.0,0.0,0.0,71560.0,0.0,8917.0,0.0,0.10448545966861257,5.901316292091911,17289940.686512448,97.1350671178641,739.0816244904929,0.4881830400828539,0.3767354196572377,0.05848281429077298,0.0,0.0,9100.700000000003,4316.9
36061006800,146.29625000000004,30.234375,0.0,17979.0,210943.0,151636.0,183037.0,0.0,0.0,10987.0,0.0,0.0,0.0,0.06634562168672183,10.744643932458727,74644093.25836104,265.3931971415742,1360.958423688873,0.5314970214680744,0.2653864899681373,0.056677549966559646,0.0,0.011511126509816918,38591.6,15500.900000000001
36061006900,117.6579268935,13.7,0.0,0.0,40759.0,182761.0,143791.0,33317.0,0.0,31427.0,0.0,38172.0,0.0,0.4981976789933373,7.215142899067897,53075452.40455741,207.60537782815533,989.648325170609,0.41776904020478933,0.39204186568143,0.026151313607967568,0.0,0.002354428775434713,19951.500000000004,5518.6
36061007000,133.78647722166667,27.208333333333332,0.0,0.0,124087.0,186449.0,83046.0,0.0,0.0,43203.0,0.0,0.0,0.0,0.2642306855775725,7.607770413361265,45802817.73164978,141.36342823128084,902.9527387616333,0.7759142451308472,0.035026000914847005,0.08084749741194598,0.0,0.0027845655680477648,22354.199999999997,8106.5
36061007100,126.28100044800001,23.4,0.0,8776.0,141265.0,150027.0,24673.0,0.0,0.0,96517.0,0.0,0.0,0.0,0.06349315621305708,6.86117533672951,46317413.022989035,168.0003940577983,960.640854298316,0.7458057484884918,0.13305804710542932,0.07095880221082404,0.0,1.591516524958266e-05,20379.599999999995,7756.100000000001
36061007200,176.1128667535088,36.36842105263158,0.0,0.0,166648.0,256167.0,185030.0,0.0,0.0,43839.0,0.0,24616.0,0.0,0.275431021735916,13.211703386071271,112631326.64728409,418.6510853171669,1436.5430060623983,0.4221808994328531,0.22021717780768488,0.03313581587171904,0.0,0.0012518081829195613,53899.19999999999,20884.9
36061007300,80.41999999999999,23.88235294117647,0.0,0.0,74297.0,43394.0,0.0,0.0,0.0,50425.0,0.0,19137.0,0.0,0.06368389291493327,5.032581587477904,12803814.94359984,148.65739400703862,713.538351855511,0.7421861569708584,0.04392242504504619,0.13618275701797392,0.0,0.0,5714.7,3667.3999999999996
36061007400,182.42613990340664,43.714285714285715,0.0,0.0,90993.0,154907.0,651185.0,0.0,0.0,7120.0,0.0,7159.0,0.0,0.019783533253453067,13.812192493888281,156163785.5374692,444.29852835968944,1645.543347114874,0.23317994571786396,0.5370879338032807,0.05809125960691726,0.0,0.0028371611388206246,66408.49999999997,20827.0
36061007500,104.79027785846152,14.384615384615385,0.0,6138.0,225527.0,65436.0,0.0,0.0,0.0,0.0,0.0,0.0,0.0,0.16700044765921354,5.813040009962942,27728897.8988388,157.3483125267165,846.3790832073942,0.9429956110384121,0.00399638692344215,0.027215035957059975,0.0,0.0025152571421954073,9693.000000000002,4971.200000000002
36061007600,184.03756205323526,45.26470588235294,0.0,0.0,44012.0,91131.0,574362.0,0.0,0.0,0.0,0.0,0.0,0.0,0.05174311667993883,14.999587036032164,212450345.3041509,544.8462759247644,1893.0461222965307,0.18041412546669972,0.6049725049571135,0.08046178441804117,0.0,0.0035545947758196974,58019.399999999994,15457.999999999996
36061007700,99.42135625371426,21.114285714285714,0.0,5235.0,101395.0,180818.0,24752.0,0.0,0.0,46722.0,0.0,0.0,0.0,0.19637135645070516,6.718852564066845,32266842.786141086,133.6978257114359,867.8378617081148,0.7520095009670154,0.16669984043417826,0.04918550107317138,0.0,0.00787379371887886,15926.7,7829.500000000001
36061007800,177.92185839333334,25.90909090909091,0.0,0.0,174886.0,232260.0,77173.0,0.0,0.0,26465.0,0.0,0.0,0.0,0.35278708808419995,10.454203733867937,92344067.58603789,227.62150732990852,1134.7083503007143,0.7656772487565171,0.18847212650566308,0.015388101516150297,0.0,0.0,43750.5,12540.4
36061007900,95.93586262736841,11.421052631578947,0.0,19528.0,291226.0,29707.0,189848.0,0.0,17436.0,35667.0,0.0,0.0,0.0,0.3900999636620433,5.7652516574907615,50126289.44170497,134.75228140662173,792.0477295633275,0.5660961428171762,0.16965456098482629,0.10486642404364241,0.0,0.003131840867758361,24673.600000000002,11576.799999999997
36061008000,210.59188712642853,54.464285714285715,0.0,0.0,178947.0,103075.0,537569.0,0.0,0.0,0.0,0.0,0.0,0.0,0.1615464298656281,12.402326282255418,178304085.72399563,452.53023154231806,1830.4617144404954,0.26478295023972354,0.6299051583227864,0.03645469896953566,0.0,0.00022922162533872906,72119.4,11375.999999999998
36061008100,107.62609335076925,26.96923076923077,0.0,4281.0,301586.0,253552.0,57850.0,0.0,0.0,26074.0,0.0,0.0,0.0,0.0,7.3467870171898975,59768763.48463719,125.5787084028271,907.8151359383719,0.7035616599499334,0.14571129105148328,0.07839113221950092,0.0,0.0006023479510437312,26015.300000000003,12029.8
36061008200,239.24722288350654,75.37662337662337,0.0,0.0,59930.0,147255.0,680309.0,0.0,0.0,76299.0,0.0,0.0,0.0,0.05217510399017217,15.334236708504834,250920387.70446765,534.1134538225532,2060.7462546418164,0.13999125788363648,0.7199437987472791,0.05442718500469922,0.0,0.002741857889184879,95465.19999999998,14930.100000000004
36061008300,110.97207976576921,15.076923076923077,0.0,5163.0,9287.0,120217.0,503341.0,0.0,21375.0,87384.0,0.0,0.0,0.0,0.27613834033908835,7.549756483615371,107072274.24327333,128.88057051262308,1458.495802572958,0.14412967644564678,0.5572385081064629,0.05285931362141531,0.0,0.025602045013497027,83143.09999999999,11589.7
36061008400,197.10674179308648,64.04938271604938,0.0,0.0,22554.0,69279.0,502763.0,0.0,0.0,230705.0,0.0,16700.0,0.0,0.312803666503959,10.406560087220798,128633341.19440243,467.07647971914525,1538.0914535730956,0.12819575241025963,0.5547537904855031,0.05978977747253186,0.036104079118645785,0.007079278192317253,60457.700000000004,15631.5
36061008601,259.50097940571425,9.0,0.0,0.0,60058.0,117218.0,13114.0,0.0,0.0,23581.0,0.0,21075.0,0.0,0.5990274244190499,12.181517660372863,36052115.0012208,362.1442951592454,1736.5485607072658,0.824885784067362,0.03455553665684438,0.004004237191941791,0.0,0.0,16657.300000000003,4044.9
36061008603,180.87538205925924,34.0,0.0,0.0,285470.0,98874.0,105558.0,0.0,0.0,0.0,0.0,0.0,0.0,0.42413788880225023,8.698070226290156,77093891.06896654,184.54149197186376,950.4191103526828,0.8118345480922988,0.06383832543024245,0.01712146009506238,0.0,0.006746922581938148,689718.5,8478.5
36061008700,119.62995157380954,28.666666666666668,0.0,20899.0,191647.0,190906.0,191368.0,0.0,0.0,25000.0,0.0,0.0,0.0,0.022451679519860605,7.293604594882385,64832720.782206096,179.42939885773288,1014.0035332838567,0.5684775573459284,0.22446945421549921,0.0874220976206898,0.0,0.06062482939672026,26845.6,11516.0
36061008800,264.92769893073176,48.90243902439025,0.0,0.0,214452.0,211675.0,473538.0,0.0,0.0,28127.0,0.0,0.0,0.0,0.48551938365495717,14.18248810078121,212816066.34962404,369.903502078052,1705.8842790194353,0.398186359905943,0.5060031239362782,0.027815997979693426,0.0,0.0065013988403908405,89284.8,19863.3
36061008900,102.33231965319999,14.96,0.0,0.0,93617.0,111790.0,41309.0,0.0,0.0,70840.0,0.0,0.0,0.0,0.14469888775523057,5.76593734648377,26544838.487224907,102.31976722215924,753.038824648251,0.6423276140792394,0.2086937905241266,0.03291083381394292,0.0,0.0029257108652720252,10528.900000000001,6282.299999999999
36061009000,233.7990398775439,39.05263157894737,0.0,7533.0,155504.0,237972.0,368227.0,0.0,0.0,37289.0,0.0,12552.0,0.0,0.27964403835048474,13.482992441492069,169598236.0722063,402.0483996010143,1602.5467349223577,0.3863665401409992,0.46811164719794046,0.027854934016588236,0.0,0.004563725499517413,74198.70000000001,18890.200000000004
36061009100,132.43553504727268,32.4025974025974,0.0,0.0,239125.0,274052.0,227174.0,0.0,0.0,74101.0,0.0,0.0,0.0,0.012464822972992883,8.731245058026747,104849736.02657448,161.17415022616433,1034.484224975812,0.479284450681884,0.27448566904508115,0.10177213908240264,0.0019796995716603997,0.03858065749988047,40500.90000000001,16516.3
36061009200,321.22268036939397,44.81818181818182,0.0,0.0,28780.0,64726.0,797547.0,0.0,63046.0,0.0,0.0,0.0,0.0,0.287276267976384,16.31644619688313,313849004.5346239,483.1979710700881,2554.691977457266,0.06822743914326669,0.7414599192356129,0.02859180067711557,0.0,3.854182156999468e-06,111021.80000000002,5119.300000000001
36061009300,114.15346153846153,17.346153846153847,0.0,0.0,1013940.0,56214.0,0.0,0.0,0.0,17788.0,16787.0,0.0,0.0,0.7880213156348752,4.215873757274409,29916207.615381047,52.50486589923864,402.61069004253534,0.914397051744343,0.012960240889870267,0.034025436520563626,0.0,0.0011740461090076475,15037.8,11963.100000000002
36061009400,268.0356158769564,61.67391304347826,0.0,0.0,0.0,10242.0,639551.0,0.0,0.0,19710.0,0.0,0.0,0.0,0.3181688506250159,17.31602546963942,199300272.1144518,586.1803442254926,2915.2771623129397,0.005194972781727387,0.8319841292227268,0.05389700159516873,0.0,0.0019594361523215774,84523.5,6526.5
36061009500,166.1564299213636,33.875,0.0,0.0,51875.0,89479.0,455508.0,10790.0,0.0,243773.0,0.0,6300.0,0.0,0.19471159171062988,10.356817161677695,121962280.25238204,207.70330467224343,1067.8317013028652,0.12312697723515166,0.38657577853097624,0.049606109260510255,0.00025733677154472193,0.11491313870823469,49075.00000000001,17109.699999999997
36061009600,212.8797491912,62.306666666666665,0.0,0.0,0.0,6024.0,1253534.0,3406.0,0.0,22594.0,0.0,6276.0,0.0,0.06492552448689227,14.27678943269801,235726041.21296048,635.4440005449617,2377.5434475327324,0.003350007552902033,0.7508133873643257,0.1243780242107109,0.0012935361364341475,0.001057297843838952,113712.70000000001,20568.600000000006
36061009700,138.72495465545452,26.90909090909091,0.0,0.0,1758880.0,7461.0,0.0,0.0,0.0,73550.0,0.0,0.0,0.0,0.7728446956912122,3.8088669383131935,19090433.801642157,50.10019778345565,320.12500033969405,0.8214405171306668,0.001279984018036787,0.03240685512064955,0.0,0.0,11460.6,10257.900000000003
36061009800,166.92746620365384,33.05769230769231,0.0,0.0,226292.0,232889.0,159085.0,0.0,0.0,7530.0,0.0,0.0,0.0,0.1469568357739583,11.041462393495644,94299826.66703513,331.90050431770095,1463.3237940159413,0.5490981305564074,0.3747420113426004,0.041672123968280544,0.0,0.0030141671791103033,40738.80000000001,15951.899999999996
36061009900,123.46684044772151,11.037974683544304,0.0,0.0,267502.0,308309.0,815400.0,110519.0,822275.0,19760.0,0.0,17281.0,0.0,0.6346932673061008,6.905603279224547,232845598.40160385,104.87084326184242,853.0763589527693,0.22839020544517702,0.3834949446614166,0.04422437633119357,0.00854785200626553,0.042519320035815995,89391.29999999997,32668.600000000002
36061010000,272.882954073,42.34,0.0,0.0,30475.0,116873.0,715440.0,0.0,0.0,67239.0,0.0,5020.0,0.0,0.1896471514266128,15.9891406528228,303630163.7280532,629.2315979838446,2980.211998969036,0.08597060799842254,0.7248443841510553,0.03539069139575554,0.0,0.007999412464972972,112138.00000000003,10197.8
36061010100,225.0587669133333,37.27777777777778,0.0,0.0,0.0,47653.0,614143.0,0.0,0.0,31810.0,246875.0,30957.0,0.0,0.22068624039825496,12.752196228683664,217593599.79147682,402.9612378762206,1817.8245003798493,0.056712448724439715,0.5598636515690063,0.07564388283857369,0.0,0.010759310970128434,78362.2,17834.100000000006
36061010200,310.2906585945283,59.20754716981132,0.0,0.0,0.0,46540.0,836066.0,0.0,0.0,20083.0,0.0,0.0,0.0,0.08021588830704705,18.06691562653361,295770730.9101604,802.4195586741391,4050.748783911181,0.0317340214850799,0.7816052873521213,0.08939796083171263,0.0,8.762137461197343e-05,116866.2,7574.899999999999
36061010300,178.5702575947619,38.714285714285715,0.0,0.0,64601.0,91521.0,121392.0,0.0,0.0,49962.0,0.0,9875.0,0.0,0.376803388755332,11.700264709456915,59326416.8211424,200.6045631997534,1312.6059326932482,0.3376806644682572,0.42134419836761,0.04436983544357675,0.0,0.0010640734352546785,24118.199999999997,8519.5
36061010400,278.51580468208334,65.54166666666667,0.0,0.0,65242.0,66222.0,1292326.0,0.0,0.0,121561.0,0.0,4267.0,0.0,0.2569594571049123,14.325902254620171,359356356.79761964,794.5410914173686,2953.6828631314297,0.05703506663790949,0.7018278104599365,0.08199610660984422,0.0,2.2522851234405405e-06,132714.1,6256.300000000001
36061010601,187.19595890224997,42.05,0.0,0.0,528043.0,64290.0,7637.0,0.0,0.0,0.0,0.0,24960.0,0.0,0.41586417678780024,12.232115596946858,80656526.08247155,235.53336533691774,1187.0292624773974,0.954052318772782,0.004876235836349993,0.009814610157536104,0.0,0.0,48910.700000000004,27172.6
36061010602,184.18715573764703,29.352941176470587,0.0,0.0,77943.0,163566.0,71708.0,25575.0,0.0,26397.0,0.0,7531.0,0.0,0.14493990126636616,8.402849323889246,46837155.68445239,151.28702242970596,850.1276615153466,0.6072594678646577,0.06421768186186703,0.06413402683985173,0.0,0.058660689483414276,21977.300000000003,8771.199999999999
36061010800,185.03453981350873,49.19298245614035,0.0,0.0,316076.0,257742.0,218828.0,0.0,0.0,75897.0,0.0,7531.0,0.0,0.16505911601074796,12.262708401345092,168117563.1702061,376.07112527023975,1460.3141583930123,0.5303968895210295,0.25330390652925056,0.040228557279876086,0.0,0.0018406335636840224,65848.00000000001,15173.699999999999
36061010900,220.50914367723684,41.63157894736842,0.0,0.0,5400.0,21890.0,911634.0,24207.0,19750.0,0.0,0.0,0.0,0.0,0.04483859185394773,16.159363137551747,226965492.6638292,357.64085275837056,1611.954461425137,0.009480233594587733,0.6894452219835493,0.19796545065203208,0.006714336470220393,0.05696041820515628,83496.20000000001,22226.400000000005
36061011000,166.093030075,56.85,0.0,0.0,126437.0,267483.0,30995.0,8760.0,0.0,10226.0,0.0,10041.0,0.0,0.20661229848747198,9.433031092077842,66374337.17003047,263.37785443955397,1097.7055416771307,0.8022997868543774,0.03382305994163075,0.06284094366972447,0.0,0.03955933245976401,30647.6,13413.099999999997
36061011100,187.43265375441862,39.325581395348834,0.0,0.0,153978.0,98041.0,246732.0,20013.0,0.0,78145.0,0.0,20638.0,0.0,0.23512866227185947,12.453604341046107,110848750.14502017,164.162081590551,1098.8979834733227,0.2867654458913028,0.2520628198836879,0.04315284748330643,0.012358845491806582,0.06103122660319248,36340.49999999999,15306.8
36061011201,237.24917403499998,53.535714285714285,0.0,0.0,7531.0,157097.0,254366.0,0.0,0.0,0.0,0.0,0.0,3256.0,0.1931936056838366,15.593200710479573,110408427.2085614,1051.8202912966253,3914.573269390172,0.21210957273812925,0.41972750340244847,0.09054165643388162,0.0,0.0008807409341321513,51471.2,6435.3
36061011202,295.0388461538461,47.96153846153846,0.0,0.0,35171.0,32535.0,342262.0,0.0,0.0,0.0,0.0,0.0,0.0,0.20574776567927253,18.175164890918314,142124375.94321004,1001.2392211099403,4947.380983393826,0.08309238896741426,0.7564421526844674,0.07960491386932315,0.0,0.0011504131663525353,58787.000000000015,2196.0
36061011203,277.05377983958334,42.291666666666664,0.0,0.0,47627.0,129692.0,190325.0,0.0,0.0,0.0,0.0,0.0,0.0,0.2294284688448608,15.776833023250754,130592817.92426054,698.0774281642023,2971.7020840813398,0.24098255629318557,0.5821977229288766,0.12045067650438998,0.0,0.00152389773006649,42372.8,1673.6
36061011300,272.9121932271214,49.89393939393939,0.0,0.0,0.0,66433.0,926383.0,17388.0,5155.0,0.0,0.0,0.0,0.0,0.211032748023113,18.327373864810376,333696130.0965464,603.522037033207,2742.978090507889,0.0,0.8092030765553448,0.06558594871777235,0.003169618521581973,0.023813812600274795,135823.2,26727.699999999993
36061011401,197.2465411152778,47.611111111111114,0.0,0.0,156594.0,50743.0,189721.0,0.0,0.0,18331.0,0.0,0.0,0.0,0.032562248879965526,13.273546001458874,86050291.81326112,983.5066792813483,2788.6580506465025,0.36448037927447796,0.37413544662054504,0.1116164597723664,0.0,0.00018825885047840055,43427.10000000001,5279.8
36061011402,214.08096250399998,49.68,0.0,0.0,140833.0,72908.0,153836.0,0.0,0.0,0.0,0.0,0.0,0.0,0.31389069501084127,12.0885664772279,68581734.16493632,487.0171447070954,1548.0604689629656,0.5204323009065644,0.225124952767865,0.23336646803101804,0.00010217219435491875,0.00042421715057053267,28050.69999999999,3758.8000000000006
36061011500,224.54105516607152,34.607142857142854,0.0,0.0,22218.0,60567.0,175297.0,0.0,0.0,0.0,0.0,4937.0,0.0,0.05630011520080298,14.88178420570377,63059733.1619871,236.66574658104548,1713.6881480045167,0.2935926495174483,0.21896958554920146,0.04234641530103787,0.013795950735170886,0.1445864178354051,23496.4,8164.7
36061011600,112.73099844043479,36.95652173913044,0.0,20275.0,22350.0,10050.0,0.0,0.0,0.0,6840359.0,0.0,10092.0,0.0,0.455137136421963,2.8154453504108137,59838512.686204664,149.82321052809988,351.0226997160417,0.022344000172057406,0.9384181647340566,0.000592836546392161,0.0,0.0,12405.699999999999,1123.6
36061011700,167.2735341375,15.75,0.0,0.0,122037.0,9279.0,24850.0,32262.0,42907.0,5802.0,0.0,0.0,0.0,0.5095915019587833,7.654440260271489,40349691.09395732,133.13253520117064,705.9760813369487,0.6849270391278742,0.01890090686670145,0.04088860926721799,0.02984049260915483,0.07768995527093889,11058.3,6890.200000000001
36061011800,174.9619529123529,56.911764705882355,0.0,0.0,167872.0,459945.0,12552.0,0.0,0.0,149925.0,0.0,10042.0,0.0,0.38936521660902423,8.673800753683453,108496133.40575777,214.0511372723456,1052.8510737990043,0.7653741633300706,0.044103138092943556,0.032053650592664455,0.0,0.004300373597927385,48397.2,19529.1
36061011900,247.14277483638298,51.0,0.0,0.0,17575.0,45600.0,852556.0,0.0,0.0,17180.0,0.0,18582.0,0.0,0.07479193225804079,16.618737079516087,301381597.6251406,791.7178055960475,2963.475349792379,0.013136729086883306,0.5758457868946636,0.07609223574195079,0.0,0.0028930071768029217,126740.60000000002,28122.399999999998
36061012000,168.9549891874194,66.87096774193549,0.0,0.0,289110.0,64618.0,12780.0,0.0,0.0,15331.0,0.0,0.0,0.0,0.32497728100063117,9.967732473634175,63703278.41612674,270.58759320027553,1194.200932853899,0.9046785541722969,0.014978183527413718,0.0322119751376026,0.0,0.0,24464.899999999998,8909.1
36061012100,116.81275650812496,37.3125,0.0,0.0,111992.0,69798.0,176915.0,0.0,0.0,8030.0,0.0,19815.0,0.0,0.054321562540421676,7.480227654895874,37016855.90677282,145.63562799120425,725.2142206700297,0.4085987739159365,0.2363172241777746,0.05253707268452648,0.0,0.015764234396064024,22940.900000000005,12522.2
36061012200,163.23763546326526,63.0,0.0,0.0,362775.0,111927.0,4418.0,0.0,0.0,44458.0,0.0,0.0,0.0,0.04794510082547395,11.064259766453135,72264076.08463617,505.68254586709145,1916.8013915787142,0.8534428516608743,0.052429111464295804,0.041088533874399855,0.0,0.0019768676108056563,33874.0,8854.5
36061012400,217.6074708751613,30.258064516129032,0.0,10217.0,175876.0,212710.0,84453.0,0.0,0.0,213206.0,0.0,0.0,0.0,0.14973250514744524,10.47930827525407,130567379.58505507,248.89115701933486,1367.869800505986,0.5609594653103951,0.1579886934742219,0.009946783148179612,0.0,0.0001809975830451439,67095.40000000001,12514.399999999998
36061012500,273.4029966565909,53.0,0.0,0.0,24100.0,83364.0,802105.0,0.0,0.0,25983.0,0.0,7530.0,0.0,0.31555368462127364,18.383424771122765,309413507.3633308,968.867907562651,3321.545119088266,0.10064262851229189,0.5653343986417088,0.10194550096305162,0.0,0.006311963660310212,137074.6,20679.500000000007
36061012600,146.04934789465517,53.3448275862069,0.0,0.0,468057.0,256371.0,0.0,0.0,0.0,66674.0,0.0,0.0,0.0,0.10493337142365966,9.424215840688053,82524076.79076716,199.4607989867299,977.2517602028563,0.8949882208018868,0.010360919351524429,0.023245607681614527,0.0,0.0,42193.9,18608.899999999998
36061012700,143.1928285331579,48.31578947368421,0.0,15075.0,41694.0,89278.0,119882.0,5021.0,0.0,113748.0,0.0,5028.0,0.0,0.24019695888906564,9.148648024509527,64355563.36522815,280.7168446549627,1439.5867866141853,0.20580563662646062,0.6232941220025657,0.02028598786245613,0.0,0.009360627755249946,24818.0,4059.6000000000004
36061012800,166.77683614189652,60.41379310344828,0.0,0.0,435549.0,137020.0,0.0,0.0,0.0,19254.0,0.0,0.0,0.0,0.15040138690115118,10.478492725020825,78339957.53926143,264.689283789241,1235.707932946168,0.9125002640527248,0.02890002649396194,0.03136881868696698,0.0,0.0012543915394765677,35587.299999999996,15668.000000000004
36061012900,122.40510089444446,20.866666666666667,0.0,7531.0,155510.0,372013.0,201219.0,177444.0,489916.0,81891.0,0.0,10050.0,0.0,0.5820949013555999,4.747794492281893,127264606.69612278,131.10931053896363,621.0358939109666,0.5259563945865451,0.1135514101611142,0.02404347866499509,0.11558149799216356,0.03190878392176071,41381.299999999996,16971.9
36061013000,176.2667683606557,65.85245901639344,0.0,4647.0,426420.0,129283.0,49218.0,0.0,0.0,21843.0,0.0,0.0,0.0,0.13114754098360656,10.654659168117123,91829223.24907486,421.9855878342316,1515.7453734572252,0.8565723602739752,0.033628843180102355,0.02666961378788962,0.0,0.0007640317629111334,40569.39999999999,10503.4
36061013100,336.6981158596875,65.46875,0.0,0.0,15058.0,165515.0,844431.0,0.0,0.0,0.0,0.0,0.0,0.0,0.07926993455635295,18.40757304361739,387060863.6159922,1038.4923434445134,3133.740267355054,0.10093839060292871,0.6669453243074617,0.038425498292437986,0.0,0.00781456866595618,145743.90000000002,23331.000000000004
36061013200,112.62064583820002,26.48,0.0,121656.0,218737.0,139172.0,5108.0,0.0,0.0,74030.0,143000.0,5108.0,0.0,0.3099131168020871,6.385753758784173,55125982.099372245,168.3806448965848,710.8977152308042,0.8589529105990644,0.03770493147146097,0.014813490399180595,0.0,0.0023686607418022428,28290.30000000001,16704.7
36061013300,108.74411612971429,56.08571428571429,0.0,6196.0,196997.0,162400.0,66765.0,0.0,0.0,152638.0,0.0,0.0,0.0,0.19891930884997505,5.378715410019898,47585794.73908111,131.66479087036493,738.101752832498,0.6259634829130657,0.1577526587250006,0.018997135572013206,0.0,0.003497189123118918,22251.399999999998,9183.699999999999
36061013400,147.1769407085366,41.09756097560975,0.0,0.0,336247.0,156255.0,5211.0,0.0,0.0,90736.0,0.0,12771.0,0.0,0.13630451415455241,8.658161737799807,65969603.451840416,267.2276903629287,1024.9449818701974,0.8704973239636843,0.05095956937523293,0.03148059921697602,0.0,0.0,30309.19999999999,15636.399999999998
36061013500,126.108610648,27.733333333333334,0.0,0.0,39393.0,383375.0,310936.0,0.0,179675.0,263588.0,0.0,10042.0,0.0,0.39809891921628227,6.054703881773432,105360603.65685527,138.21302028880993,785.4153506839459,0.3844532647056041,0.15669916243077073,0.18415002223462737,0.0,0.00653959628150207,50925.5,16037.400000000001
36061013600,160.7314068376923,37.96153846153846,0.0,0.0,526776.0,225481.0,0.0,0.0,0.0,18114.0,0.0,0.0,0.0,0.22460087412428556,10.22498380650362,95981559.00503324,209.51608640512168,952.1709708698796,0.9200848644622575,0.00434034092286802,0.012195711810706344,0.0002687560833517095,0.0,45735.19999999999,27972.299999999992
36061013700,283.94018885098785,72.06172839506173,0.0,0.0,239830.0,399051.0,572918.0,0.0,0.0,36030.0,0.0,0.0,0.0,0.22192303592880114,16.156565523000346,386399251.2288828,707.753758728159,2663.8641576690397,0.34594090829795954,0.39238052618491953,0.038771207111523445,0.0,0.001993191582148396,140322.6,31308.399999999994
36061013800,159.8630465345946,54.0,0.0,7662.0,303603.0,167496.0,0.0,0.0,0.0,37320.0,0.0,7663.0,0.0,0.106893825991324,9.830986130628704,63867462.996904485,178.34261585812916,1024.5187095222093,0.8782826301437971,0.03763449422403145,0.018916199902115394,0.0,0.0019291424221001686,29770.6,16510.0
36061013900,145.93132075471695,69.52830188679245,0.0,0.0,298967.0,245926.0,150020.0,18828.0,0.0,94080.0,0.0,5325.0,0.0,0.04639511231685331,9.129303962634017,109940710.81730309,210.1024883600239,1117.7874760498114,0.5293652270094648,0.15446415329138433,0.059730661873571844,0.0,0.014414039173393204,45188.09999999999,18921.500000000004
36061014000,149.74194513041667,73.13888888888889,0.0,3550.0,518145.0,131714.0,0.0,0.0,0.0,0.0,0.0,7662.0,0.0,0.15045585118693755,9.315016087530688,75816740.77064657,184.82461339251003,1064.2173760458409,0.9514870928940398,0.010145363174088774,0.026646153136619753,0.0,0.000277205476488932,33838.700000000004,20800.5
36061014200,164.030957868,80.4,0.0,0.0,400289.0,91727.0,12260.0,0.0,0.0,139204.0,0.0,0.0,0.0,0.2534779635730714,9.228849381488159,72045356.12182891,319.76586218685895,1232.5480791943805,0.8413176213842366,0.01964914171401244,0.01723257074923635,0.0,0.0005102229825985336,35856.4,12403.900000000005
36061014300,31.665107777777777,84.55555555555556,0.0,0.0,0.0,0.0,0.0,0.0,0.0,0.0,329310000.0,0.0,0.0,1.0,0.0,44134326.21592916,78.03,82.46000956545504,0.0,0.0,0.0,0.0,0.0,36506.2,641.7
36061014401,144.09784430454545,44.59090909090909,0.0,0.0,238615.0,34199.0,0.0,0.0,0.0,22783.0,0.0,0.0,0.0,0.25179213591477584,9.568212803242252,26533472.13314763,199.99019949458216,934.3136060244184,0.9020664100963994,0.0034907463224830154,0.007484969071909799,0.0,0.0,16459.8,10243.0
36061014402,136.9868009529167,31.75,0.0,0.0,202435.0,124963.0,0.0,0.0,0.0,18127.0,0.0,0.0,0.0,0.249895087186166,8.925924318066711,37270501.70417224,232.61302944794153,922.0400202590262,0.9333076102498922,0.001769056427582495,0.012575993878338462,0.0,0.00047890328877187407,19326.3,12721.999999999998
36061014500,294.80158857375,83.04166666666667,0.0,0.0,188901.0,308085.0,22795.0,0.0,0.0,627729.0,0.0,0.0,0.0,0.7277025908270952,9.148817003773388,215079677.17688677,365.1013036923425,1705.2556901464911,0.44271328500006524,0.12020850115718085,0.047176515872623524,0.0,9.763430646637251e-05,73655.9,13417.100000000002
36061014601,151.43405056875002,68.125,0.0,0.0,42091.0,89170.0,31305.0,0.0,0.0,3473.0,0.0,0.0,0.0,0.0,10.05711308788899,21687178.167773582,246.46911267834665,1341.3816814121983,0.8262017530674488,0.07227495743688292,0.08429742860684615,0.0,0.0,10274.3,3923.9999999999995
36061014602,196.45565217391302,59.04347826086956,0.0,0.0,169371.0,181552.0,0.0,0.0,0.0,2517.0,0.0,0.0,0.0,0.1942451335445903,11.130313490267088,49705560.6128032,185.76886034404708,1259.3481694205523,0.9134227679517872,0.004750504461478157,0.033884203403341924,0.0,0.0,25758.600000000002,17355.500000000004
36061014700,202.976812004,44.6,0.0,0.0,0.0,146463.0,0.0,0.0,0.0,80298.0,30000.0,0.0,0.0,0.2245278683289129,6.785236075572225,37922699.8749518,178.28456034989736,941.9818702996172,0.6798943165589857,0.0014326844925679491,0.019790676530148366,0.0,0.0012932043917290022,11380.899999999998,4696.099999999999
36061014801,166.57336579,87.9,0.0,5645.0,88808.0,107849.0,0.0,0.0,0.0,28003.0,0.0,0.0,0.0,0.32720956991815203,11.106411063589588,34688705.39464101,202.08120101604393,1477.9828922515794,0.806916479466054,0.014268166148134653,0.07651507391720117,0.0,0.0,14629.300000000001,6001.699999999998
36061014802,154.1909756097561,88.21951219512195,0.0,0.0,231298.0,212574.0,20379.0,0.0,0.0,10238.0,0.0,4531.0,0.0,0.015698718216358397,9.5589411715586,68239085.94787063,157.36717256064466,1122.6764978497765,0.8556267804401209,0.024447228213440537,0.03799189503909652,0.0,0.003969709914381632,23732.899999999998,11454.4
36061014900,180.6727272727273,76.6969696969697,0.0,0.0,163005.0,227757.0,1120285.0,0.0,0.0,168898.0,0.0,0.0,0.0,0.5094928703023016,4.179081458023924,133880593.87454797,481.08819931604904,1103.1527776206958,0.5726601057142048,0.16659452211319586,0.03298352127238778,0.0,0.002788782255488007,59539.30000000001,20104.89999999999
36061015001,145.3063636363636,95.22727272727273,0.0,0.0,149090.0,67939.0,0.0,0.0,0.0,43009.0,0.0,0.0,0.0,0.3392273436959214,8.952895346064805,30822276.07041809,221.9543682077235,964.8425268614587,0.9057692282911378,0.02387920070203381,0.013530387317001511,0.0,0.00044027450793417616,12324.399999999996,7245.199999999999
36061015002,166.9486888267347,104.12244897959184,0.0,4146.0,477035.0,79074.0,0.0,0.0,0.0,79266.0,0.0,0.0,0.0,0.2244648729283323,10.154809615321467,80174002.92329757,223.2306695167164,1251.4303861796564,0.9029845644137997,0.012130644293520355,0.014617935288242734,0.0,0.0,36863.60000000001,21051.700000000008
36061015100,200.97932723653847,34.57692307692308,0.0,0.0,131098.0,388113.0,223134.0,0.0,121300.0,256620.0,0.0,0.0,0.0,0.5740436414598331,6.646839810223474,166391982.2367144,187.0657451585116,955.9000236551174,0.5852195918950577,0.09704303739533954,0.017453011742061948,0.0,0.00018586606738289565,46125.5,12869.799999999997
36061015200,130.39836488827584,18.93103448275862,0.0,15106.0,179151.0,129332.0,22055.0,20140.0,0.0,411097.0,0.0,14502.0,0.0,0.6233126059063689,4.295554744036705,45030251.68061874,154.12914859176908,452.76521987457403,0.7809929255766189,0.009139770237884069,0.005157630884480894,0.02544280230591667,0.0,20847.2,11951.000000000002
36061015300,170.73489869698113,79.56603773584905,0.0,0.0,314965.0,284706.0,134067.0,0.0,0.0,24334.0,0.0,0.0,0.0,0.23516104011228484,10.346150497578066,124836981.34156078,332.6050493884486,1448.09223134478,0.7246672150023836,0.13166725465493545,0.06169758566959326,0.0,0.0002615028419149658,50828.2,25290.600000000002
36061015400,165.983673185,34.166666666666664,0.0,15103.0,130946.0,160058.0,17623.0,0.0,0.0,10070.0,0.0,0.0,0.0,0.23014979029358898,10.0196285200719,45242178.62217779,188.03639304973038,981.8292210904733,0.8744160652906577,0.02986080048987129,0.02378584635550591,0.008388268443725796,0.0,17773.899999999998,9352.500000000002
36061015500,271.3169652257895,56.05263157894737,0.0,0.0,85712.0,1042872.0,0.0,0.0,0.0,99800.0,0.0,0.0,0.0,0.6143119741058171,6.585558750358194,111435972.75151865,135.8527439302368,699.761327076875,0.885243080772276,0.008439112217607927,0.02085654473431612,0.0,5.933547971190152e-05,42590.899999999994,12425.199999999999
36061015601,160.10710119647058,18.235294117647058,0.0,0.0,46901.0,58801.0,22660.0,0.0,0.0,48177.0,0.0,30655.0,0.0,0.2858721777657654,8.074176858403236,27201067.6368057,197.21318184889523,872.843547593077,0.667235930447403,0.039943308739623685,0.04276890540557504,0.0,0.010794891091689327,7693.7,3686.6000000000004
36061015602,242.8122191,16.5,0.0,0.0,0.0,41755.0,0.0,0.0,0.0,131190.0,0.0,0.0,0.0,0.7585648616612217,3.381479661163954,18577621.08134916,46.62754054757293,379.9244557518286,0.6483028675980232,0.11021357363930165,0.0,0.0,0.007113421453121526,3174.3999999999996,1822.5
36061015700,155.1673593156364,82.18181818181819,0.0,0.0,378747.0,213271.0,2554.0,0.0,0.0,25356.0,0.0,0.0,0.0,0.2330109303015834,10.202930017679472,85494725.94440429,264.018882838007,1195.4362829231782,0.9214941403131216,0.00884779043180784,0.02607681607922237,0.0,0.002072226099203141,36646.3,24582.399999999998
36061015801,130.7551298121875,85.875,0.0,0.0,267294.0,57045.0,0.0,0.0,0.0,97190.0,0.0,0.0,0.0,0.3172640553793452,8.126980587338,41321417.06193517,135.2864310640549,835.1567887381414,0.8600020783721443,0.001176673892318138,0.010369967756041145,0.0,0.0,18213.3,10663.6
36061015802,163.49511367333332,63.833333333333336,0.0,0.0,50359.0,29303.0,0.0,0.0,0.0,22615.0,0.0,0.0,0.0,0.5467407139435063,10.723447109320766,10005339.341221163,59.19952677532583,909.7719917479003,0.835907881564095,0.007856763819315403,0.017622784159188592,0.0,0.0,5599.5,3509.8
36061015900,166.07215989200003,68.0,0.0,0.0,401370.0,248565.0,12343.0,0.0,0.0,1777.0,0.0,0.0,0.0,0.29762896145650586,10.230857383801041,93831534.86685985,194.6457477166801,1270.0981228964467,0.8862071178471359,0.020674133024976112,0.03187484802436085,0.0,0.0022305460878453047,39152.299999999996,24931.7
36061016001,144.9044605314706,96.32352941176471,0.0,8816.0,269116.0,38225.0,0.0,0.0,0.0,119277.0,0.0,0.0,0.0,0.2473302498197201,8.256688728946292,43857275.64181861,235.0958262331375,996.9047938378721,0.8638133778440011,0.007155288251725961,0.008577723397278015,0.0,0.0,19390.499999999996,12854.800000000001
36061016002,120.1162412157895,71.42105263157895,0.0,10092.0,106556.0,69038.0,0.0,0.0,0.0,12615.0,0.0,0.0,0.0,0.12676688468540248,7.645064825694273,18879003.365965113,65.74551817691288,710.1136857605358,0.9110700094457608,0.02666976248397123,0.014407423629177374,0.0,0.0,8234.7,5637.3
36061016100,124.61900262615383,82.34615384615384,0.0,0.0,144733.0,94051.0,0.0,0.0,0.0,189389.0,0.0,0.0,0.0,0.25693820021346514,6.108012415542316,35922203.571538836,260.9176641217452,797.958829725368,0.8235328755631315,0.0055600037624948095,0.02051171458876773,0.0,0.0,13622.099999999999,9923.5
36061016200,142.8422222222222,10.444444444444445,0.0,0.0,1038440.0,151800.0,0.0,21596.0,14784.0,301727.0,0.0,0.0,0.0,0.27406537913183326,3.5826700350116827,63914922.32044985,24.701098637940206,135.7557871347279,0.8200595993507882,0.0,0.0184002996586835,0.0,0.04700886465921404,32781.899999999994,21378.700000000004
36061016300,142.88355103458335,76.10416666666667,0.0,0.0,232319.0,137020.0,32724.0,0.0,0.0,59214.0,0.0,10217.0,0.0,0.1174946022642918,9.59805851187926,54065794.55733933,256.12733990252264,1102.7746503667067,0.7873093522445507,0.014540948290625393,0.03574425131595317,0.0,0.0002857188945927092,24156.500000000004,14819.800000000005
36061016400,79.79120426555556,11.11111111111111,0.0,0.0,41074.0,153387.0,0.0,0.0,0.0,37844.0,0.0,18678.0,0.0,0.8804421016562874,4.589203252809951,16029902.156441875,23.401584967906192,335.4997868381524,0.6594348730521995,0.005378481905033113,0.07428208770181245,0.0,0.02730480321441346,5340.9,2681.7000000000003
36061016500,148.7590045726316,84.0,0.0,0.0,248777.0,105109.0,18620.0,0.0,0.0,15435.0,0.0,0.0,0.0,0.24066803972769055,9.46358337994695,48127837.71587292,213.60620816051926,949.9164641015,0.9130967349002209,0.0072238480412452006,0.02716195191255878,0.0,0.0,20500.699999999993,14122.600000000002
36061016600,78.33978387545454,25.636363636363637,0.0,18368.0,46778.0,32739.0,0.0,0.0,0.0,48927.0,0.0,0.0,0.0,0.0,3.690808653243604,5974331.32090099,30.596191047053374,238.0464744026374,0.646473687610154,0.0033256129407313764,0.05453488479390243,0.0,0.0014191988631644997,3003.9,1653.3999999999996
36061016700,141.2536111111111,61.22222222222222,0.0,0.0,226875.0,151855.0,22008.0,0.0,0.0,13855.0,0.0,4920.0,0.0,0.17218536731877201,9.539246697956917,46961799.048786715,243.11051385773504,990.825862368985,0.85532048023933,0.006213145059845001,0.03141556454809015,0.0,0.0,21473.699999999997,14125.1
36061016800,176.65570434875005,32.25,0.0,5046.0,43466.0,26599.0,20184.0,0.0,0.0,324013.0,0.0,0.0,0.0,0.3766586852623847,8.11395442013985,55656846.07355586,78.54404399629867,1025.1991495511652,0.2258114198679343,0.2859472830594848,0.0,0.0,0.0,36046.1,18959.100000000002
36061016900,114.87458710640003,91.5,0.0,0.0,245691.0,130879.0,0.0,7823.0,0.0,234367.0,0.0,13717.0,0.0,0.1250243091843656,6.057303269526006,44649221.183164395,155.0212102574481,550.7002468073938,0.7919031193350221,0.008243052591876235,0.01803030718291459,0.0,0.0240275325265165,17770.099999999995,11430.0
36061017000,136.96744858846154,9.73076923076923,0.0,10092.0,4041336.0,5694.0,46414.0,0.0,0.0,172501.0,0.0,0.0,0.0,0.705182625875314,3.200749666104386,32008876.388264008,24.697798452164935,135.8646237158378,0.9215767275898541,0.0,0.047458288167251235,0.0,0.0,17397.200000000004,12419.999999999998
36061017100,132.37134615384616,64.73076923076923,0.0,0.0,267727.0,179558.0,63663.0,0.0,0.0,19986.0,0.0,0.0,0.0,0.18818911578463612,8.656371601743343,53063370.28858439,207.33679892416006,792.8776853620224,0.8861805210748044,0.01217634088358433,0.02272081448889264,0.0,0.00048803710735641415,26379.500000000004,18096.299999999996
36061017200,86.2688278923077,13.76923076923077,0.0,0.0,56667.0,31687.0,33304.0,0.0,0.0,114817.0,0.0,0.0,0.0,0.5450301300348874,3.923476054551221,12842017.712517584,26.028531557247067,256.69705465694045,0.37774573077934565,0.3820666864984415,0.017487529693771528,0.0,0.0,4271.1,2071.3
36061017300,126.35082044769229,102.56410256410257,0.0,0.0,247128.0,149732.0,0.0,0.0,0.0,56982.0,0.0,0.0,0.0,0.3323028719245905,7.640982985268001,42187206.8766513,199.6495035717276,757.973757386932,0.8830638684652715,0.01460378758976515,0.01849299800824673,0.0,0.0,17461.7,10160.799999999996
36061017401,116.5318181818182,12.545454545454545,0.0,0.0,54244.0,183600.0,0.0,0.0,0.0,136236.0,0.0,0.0,0.0,0.8354362703165098,5.049275556030795,29222251.918323204,57.913721663815224,339.7917584473909,0.6994504013854057,0.00680526017916883,0.010278833544310164,0.0,0.0019557049246810066,10534.7,6242.4
36061017402,89.87149746,11.25,0.0,0.0,73770.0,5046.0,0.0,0.0,0.0,14347.0,0.0,0.0,0.0,0.6390949196569453,3.6559363695887854,4775390.162185912,69.91314148320686,302.3636100168522,0.8056858818900874,0.003297142085390989,0.0,0.0,0.0,1545.8000000000002,932.5
36061017500,144.6041949398182,77.9090909090909,0.0,0.0,323477.0,285960.0,14603.0,0.0,0.0,39066.0,0.0,0.0,0.0,0.16812244196252182,9.958698910883026,76966917.17830373,221.9740629703245,959.7970927724979,0.8573731618752171,0.0007192966702015681,0.03126517621329827,0.0,0.0,35638.299999999996,24621.100000000002
36061017700,135.8880110662162,114.72972972972973,0.0,13225.0,375226.0,152044.0,0.0,0.0,0.0,219152.0,0.0,0.0,0.0,0.49696240490648946,6.361811472960468,74772249.75754997,144.1156273900904,510.375416476337,0.8576939208906931,0.0057315418549056425,0.018249722568874617,0.0,0.0009787426612406112,24759.100000000002,16276.600000000004
36061017800,75.92633870888888,10.333333333333334,0.0,12816.0,15525.0,0.0,176074.0,0.0,0.0,177746.0,582875.0,92136.0,0.0,0.7137580261300904,1.521315358333365,34644348.33127988,27.516619812102476,141.58178612373388,0.07746914117585613,0.00907111395194405,0.3080727877773439,0.0,0.0,4070.7999999999997,2128.9
36061017900,118.10017577622642,77.52830188679245,0.0,0.0,376822.0,153118.0,26175.0,0.0,0.0,0.0,0.0,0.0,0.0,0.057644551936200245,8.64400708486554,53843600.53850081,163.01198313298508,694.8480925707812,0.8667497943650404,0.0003274349280288043,0.02254266743387125,0.0,0.0001774472640461055,26543.399999999994,18629.199999999993
36061018000,71.90034385,11.153846153846153,0.0,0.0,53504.0,11730.0,0.0,0.0,0.0,131196.0,0.0,0.0,0.0,0.6113882808125032,2.587003003614519,7219452.697829637,32.61086901186173,177.24866873695464,0.5177530920075173,0.0,0.009766512845237276,0.0,0.0,3489.1000000000004,2267.2
36061018100,146.92433333333335,100.56666666666666,0.0,0.0,357041.0,206996.0,0.0,0.0,0.0,0.0,0.0,0.0,0.0,0.42583731209122805,8.937154832041161,48018727.6386196,98.65683811523003,573.3981121805839,0.9038740411903781,0.018180732514085817,0.02660782251374064,0.0,0.0,22437.4,13224.000000000004
36061018200,76.34689206272729,20.818181818181817,0.0,0.0,142314.0,40094.0,0.0,0.0,0.0,149134.0,0.0,0.0,0.0,0.2346550361643472,3.4095499212769425,13321759.448988283,32.881803813694795,205.48890638290172,0.7460582850985794,0.06802493610719659,0.018426958737943522,0.0,0.0005219349810555295,7043.0,4239.700000000001
36061018300,117.17539155734693,57.57142857142857,0.0,0.0,259033.0,177467.0,58182.0,0.0,0.0,45320.0,0.0,0.0,0.0,0.23205654793871133,7.706478864893093,48388361.65886505,138.59047929452115,677.3502635175425,0.7994861966101761,0.0010695626639727752,0.03275778959292219,0.0,0.0,25020.099999999995,17192.899999999998
36061018400,79.7580304675,28.75,0.0,0.0,72657.0,80357.0,0.0,0.0,0.0,32253.0,0.0,0.0,0.0,0.5179659626377067,4.056901660846238,10347268.777326535,35.9262577793131,302.5203948895378,0.7766501243996221,0.044308883596546084,0.06217187105014569,0.0,0.0,4671.8,2612.5000000000005
36061018500,158.5383566246667,90.4,0.0,0.0,565981.0,202092.0,0.0,0.0,0.0,164110.0,0.0,0.0,0.0,1.0,4.6746550838193786,59314548.29791614,54.28590630809616,383.5978010755399,0.6727423643197203,0.0027540174323956532,0.0652755600860467,0.0,0.002978221667996899,22170.400000000005,13307.199999999999
36061018600,70.14058069250001,20.625,0.0,6667.0,47683.0,12183.0,0.0,0.0,0.0,128048.0,0.0,0.0,0.0,0.06261145743931833,2.6588310266675577,5682854.025088672,26.227894809873522,184.0656693099532,0.43796945248744584,0.2848472431082539,0.005798692588111134,0.0,0.0,3128.1000000000004,2284.9
36061018700,126.27801778557377,87.57377049180327,0.0,0.0,343840.0,175372.0,30130.0,0.0,0.0,20712.0,0.0,17319.0,0.0,0.1350453629976182,8.343837731730945,59973021.21274841,72.90585028593415,565.4816258152827,0.8955750370591794,0.0035160565972480818,0.027207201876372822,0.0,0.0,25103.0,17649.100000000006
36061018800,69.1176698909091,14.090909090909092,0.0,0.0,43303.0,20690.0,10520.0,0.0,0.0,93355.0,0.0,0.0,0.0,0.49600281173302835,2.8906760073390996,5849486.93519962,27.736989777682464,138.9100662425239,0.6456006363703808,0.002604832128461088,0.09354314871448237,0.0,0.0,2624.1,1702.1
36061018900,82.8093103448276,97.72413793103448,0.0,48067.0,204997.0,43355.0,17260.0,0.0,0.0,208841.0,0.0,0.0,0.0,0.40141047232641813,4.050520554237158,21821085.518994544,63.96644530352905,329.5069030850494,0.7216262110922013,0.009338155180446004,0.0029175828900654768,0.0,0.0,14221.0,9340.6
36061019000,88.59410822999999,21.4,0.0,0.0,109676.0,258017.0,0.0,0.0,0.0,124138.0,0.0,0.0,0.0,0.5595946575144715,3.661239328143204,29252390.749948207,24.87835455674815,269.5528992682446,0.7541576632785605,0.008818738820388168,0.06703352175890523,0.0,0.0026378469393478466,8725.5,4221.900000000001
36061019100,123.55649073571429,103.83673469387755,0.0,0.0,362127.0,91690.0,23149.0,0.0,0.0,7151.0,0.0,0.0,0.0,0.26810461107542183,9.028141957419384,48711485.97791471,75.81689550253348,557.3567154220984,0.9158201349584972,0.00030887663398599345,0.02744174415084894,0.0,0.0009151900266251658,22054.69999999999,16113.699999999999
36061019200,72.26,11.0,0.0,0.0,8747.0,0.0,0.0,0.0,0.0,156292.0,0.0,0.0,0.0,0.7358503141681663,1.7543126170177958,4551146.116716772,18.33112173486267,139.9005689564285,0.178033364418195,0.0,0.0,0.0,0.0,1088.0,538.1000000000001
36061019300,90.09690445,76.44827586206897,0.0,15139.0,334890.0,56971.0,4992.0,15138.0,0.0,136235.0,0.0,7569.0,0.0,0.5323837781599975,4.334310095387558,22652165.737846777,46.08697502688577,281.2637082394813,0.7714770640162774,0.10861208152412204,0.007277525099965449,0.0,0.04650762444915451,10553.000000000002,6702.700000000001
36061019400,136.13975493117647,14.235294117647058,0.0,5046.0,159432.0,32128.0,8627.0,10981.0,0.0,159721.0,0.0,0.0,0.0,0.0,5.378924548126671,31079284.174790584,38.29969808610531,256.12299200659686,0.5548887655863186,0.10259449707881704,0.05352831623746492,0.0,0.013124800333905997,13979.199999999999,9122.5
36061019500,117.72840909090907,105.45454545454545,0.0,0.0,267323.0,119022.0,0.0,0.0,0.0,68585.0,0.0,0.0,0.0,0.09335941793242916,7.719477721847317,40194331.40495513,70.12962873409096,564.0307278042776,0.8673301209457654,0.003798313240249648,0.030262923348620744,0.0,0.0023082035479019152,18572.1,13053.200000000006
36061019600,76.68487268000001,19.28125,0.0,0.0,173077.0,110070.0,166457.0,28761.0,0.0,98169.0,0.0,0.0,0.0,0.41486538521578953,4.192477807033063,28565791.649154447,24.618582772221586,266.5082319516282,0.4289414696748922,0.1558491849343802,0.15263211460316595,0.026771684816470607,0.02064038565127057,11830.499999999998,4871.0
36061019701,133.8125,107.25,0.0,0.0,82725.0,0.0,0.0,0.0,0.0,515226.0,0.0,0.0,0.0,0.23718498672968186,23.875280750429383,22897043.620356224,31.96616445160222,184.98773310856575,0.05063844505923405,0.0,0.0,0.0,0.0,3450.9,1977.1
36061019702,105.88572830416665,41.25,0.0,0.0,116774.0,20314.0,0.0,0.0,0.0,0.0,0.0,0.0,0.0,0.34673348506069096,4.515858426704015,9104843.465310402,75.60917804621849,425.17065680438844,0.9631237178348168,0.0,0.030285751207456347,0.0,0.0,3198.6,2088.4999999999995
36061019800,79.52680784928573,26.428571428571427,0.0,0.0,101588.0,49310.0,4493.0,0.0,0.0,264830.0,1767320.0,0.0,0.0,0.9278070673875369,0.7469332003377308,23886351.581860363,10.775731289150695,74.45222786681484,0.36224614384677106,0.07185300380000086,0.013029798396153609,0.0,0.013042038695257557,10459.4,4739.900000000001
36061019900,107.12582195558822,114.61764705882354,0.0,0.0,452032.0,127154.0,25247.0,0.0,0.0,113907.0,0.0,0.0,0.0,0.0653075145474288,7.002752178634073,59886400.141440295,68.64451791630704,416.37528746832976,0.7274261051452213,0.03210388447579367,0.02251132474295562,0.0,0.00014790202762945056,25253.599999999995,16085.499999999993
36061020000,81.01245426357143,23.0,0.0,4289.0,48921.0,33144.0,36774.0,0.0,0.0,4743.0,0.0,0.0,0.0,0.14204940917017933,5.277905076209618,9448363.355014227,29.015554738760155,424.13405697929943,0.5049185720360769,0.36928926300691517,0.07902905802566637,0.0,0.0,4950.1,2988.8000000000006
36061020101,98.31777777777776,134.38888888888889,0.0,0.0,50460.0,55829.0,0.0,0.0,0.0,439700.0,0.0,0.0,0.0,0.45067757775339795,6.240885805391684,33215568.336952455,35.29356818543963,527.0216066624052,0.19491262540517776,0.1395930393798304,0.002934741618011096,0.0,0.0,5436.7,812.3999999999999
36061020102,75.23421782499999,32.0,0.0,15184.0,143718.0,45092.0,0.0,0.0,0.0,0.0,0.0,0.0,0.0,0.2841161994960636,4.217918174063943,9213300.697021263,24.73754130023432,233.166485288783,0.9550271375939937,0.026267099008635216,0.011639529072672966,0.0,0.0,4922.099999999999,3531.1000000000004
36061020300,104.5218848559524,125.23809523809524,0.0,0.0,48722.0,38367.0,0.0,0.0,0.0,18274216.0,0.0,9092.0,12000.0,0.5013505039631121,2.255404776645831,59361416.67053182,35.10470098105269,266.26797908890774,0.009594318305760966,0.6604092557634097,0.0002850958131774372,0.0,0.0,68161.00000000001,48214.8
36061020500,127.43678249673916,112.52173913043478,0.0,0.0,209867.0,30274.0,0.0,0.0,0.0,1206200.0,0.0,0.0,0.0,0.5914490427914303,5.346317362226474,68376821.36512113,34.78952404723368,481.2311308329087,0.2602509531725301,0.46260015068674204,0.0023187549643729054,0.0,0.0,14328.999999999996,7825.800000000001
36061020600,68.548175828125,17.8125,0.0,6975.0,74406.0,7494.0,28031.0,0.0,0.0,172190.0,0.0,0.0,0.0,0.5962932728228685,3.109444613553975,12085686.895988248,33.79637905747572,161.95554417909622,0.3950594485876511,0.17216061798052792,0.0028478365341829378,0.0,0.0,4991.300000000001,3317.8
36061020701,88.54939122333333,111.0,0.0,0.0,163120.0,56989.0,0.0,0.0,0.0,35761.0,0.0,0.0,0.0,0.41211552741626606,5.208269824520264,16281884.920940163,22.629264861062257,429.22792824481184,0.8124969984391883,0.011576269660223315,0.021385370392604155,0.0,0.0,6593.600000000001,4336.100000000001
36061020800,80.53281489076923,22.615384615384617,0.0,7011.0,70509.0,30109.0,0.0,0.0,0.0,24980.0,0.0,0.0,0.0,0.2448853396074173,4.426607545490879,7183334.036806676,31.29476883167809,218.61519957167312,0.8131456470780637,0.0,0.026352281399912778,0.0,0.0,3743.8999999999996,2288.0
36061020901,81.60374999999999,28.125,0.0,0.0,38869.0,29192.0,0.0,0.0,0.0,113644.0,0.0,0.0,0.0,0.6656338570760298,2.7012520293882942,7993275.077986734,22.03874411821359,148.10462012602846,0.6840847460734958,0.004559614205296731,0.03440491737481944,0.0,0.0,3470.0000000000005,2306.8999999999996
36061021000,101.20750000000001,9.0,0.0,0.0,487348.0,0.0,0.0,0.0,0.0,0.0,0.0,0.0,0.0,0.8014252649031083,3.6310829222649934,8629633.793298721,14.940966208951304,142.0199734070931,0.9481917110128215,0.00508589224350574,0.0032549710358436732,0.0,0.0,10147.6,7200.5
36061021100,82.00887487189189,68.10810810810811,0.0,0.0,259694.0,70255.0,32050.0,0.0,0.0,143080.0,0.0,0.0,0.0,0.16981699892492066,4.134343340348738,32215803.778922297,26.536937785970114,228.12233333795308,0.6741204020745437,0.00045015492033694573,0.009508325471585168,0.0,0.0,14001.499999999998,10191.699999999997
36061021200,87.8017811005,15.2,0.0,14988.0,514088.0,46029.0,0.0,0.0,0.0,142903.0,12490.0,0.0,0.0,0.8302445728804185,3.3793973426347503,22711458.663953066,17.148928539160956,148.2468576231557,0.8291705199982339,0.0,0.0,0.0,0.0008101616961221206,14678.300000000001,10826.6
36061021303,68.7911134352381,61.714285714285715,0.0,17640.0,149902.0,65446.0,26897.0,21814.0,24191.0,59905.0,0.0,0.0,0.0,0.48708976339206383,4.106742847769926,16628864.678077668,21.517379953252505,178.37613964105577,0.639568879782403,0.03723008388884229,0.010446497397861573,0.0,0.055663395521046766,6519.5999999999985,4781.8
36061021400,127.71518292599998,10.9,0.0,0.0,858675.0,0.0,0.0,59949.0,0.0,0.0,0.0,0.0,0.0,0.9109004336921308,2.9413307294388127,14813266.84674037,11.137527432333577,116.91978981607274,0.9348947085782003,0.0,0.0,0.042690962950461826,0.01780437065156365,8990.5,5928.2
36061021500,103.13503495,32.5,0.0,0.0,9558.0,62550.0,0.0,0.0,0.0,0.0,0.0,0.0,0.0,0.8674488267598602,6.240528096743773,3818120.9797827117,30.647819936761525,222.42269928440672,0.8905202759160162,0.0,0.03876513360237515,0.0,0.0,2264.7,1314.0
36061021600,84.37327198439024,30.634146341463413,0.0,78710.0,258673.0,103135.0,0.0,0.0,0.0,51267.0,0.0,0.0,0.0,0.16848826214707646,4.254558394420326,26781934.524996284,38.949451487946966,258.5375458787885,0.9113528089286193,0.0019475913910247341,0.0221944169365415,0.0,0.0022066329944444656,11337.5,7315.199999999999
36061021703,78.08311558666666,103.33333333333333,0.0,0.0,30282.0,0.0,0.0,0.0,0.0,125770.0,0.0,0.0,0.0,1.0,2.124849409171302,5784960.653770788,20.765193653397585,136.6707892241048,0.16235558088827368,0.8376444191117264,0.0,0.0,0.0,1629.6,1230.6
36061021800,82.02437404687498,29.25,0.0,0.0,209756.0,118771.0,0.0,0.0,0.0,93576.0,0.0,0.0,0.0,0.31936280955122326,4.176480622028273,22926920.053369015,31.020014072394652,238.35330713119782,0.7023753407018529,0.023192968424276976,0.04608416222087974,0.0,0.0,8639.7,5186.4
36061021900,79.76378829538461,39.69230769230769,0.0,0.0,7494.0,30050.0,65645.0,6811.0,0.0,175996.0,0.0,0.0,0.0,0.6452747590875397,4.465611407152547,27794543.654424544,96.05276297570596,401.02486748066406,0.12055464249612613,0.24697000423600415,0.07735757904141027,0.0,0.023458536879466498,17920.7,7385.100000000001
36061022000,78.24082397142858,27.095238095238095,0.0,24220.0,94403.0,59603.0,0.0,0.0,0.0,171254.0,0.0,0.0,0.0,0.0,3.202005837243905,13287275.496096758,19.179240586013506,176.39596257296554,0.7098469487604074,0.003095518736199071,0.03365840450315762,0.0,0.0,6511.8,4598.800000000001
36061022102,70.98815508222222,31.555555555555557,0.0,7650.0,22358.0,29585.0,0.0,0.0,0.0,101806.0,0.0,0.0,0.0,0.9152658938407301,3.3748226445021343,7902103.843885955,20.899745351582105,176.50479866665842,0.48985208181489387,0.22072984231484524,0.013018342442440054,0.0,0.0,2817.3999999999996,2023.5
36061022200,93.51992556750001,25.833333333333332,0.0,0.0,48516.0,23367.0,219914.0,5046.0,0.0,52801.0,0.0,0.0,0.0,0.08148859983297296,5.600622347301827,30188646.841548763,83.95769411172508,523.9485991465605,0.17680459436714083,0.33174652133770194,0.2817272181323485,0.0,0.024001339989704957,13159.2,4627.700000000001
36061022301,69.20918447999999,80.48275862068965,0.0,9992.0,137857.0,89935.0,15987.0,17984.0,217950.0,127350.0,168375.0,0.0,0.0,0.6743592681715748,1.7128311880116625,17509462.86342292,19.423627821702762,88.67480233757306,0.7824834294574704,0.06957509390036044,0.04661456958958871,0.0,0.02413423235851392,9659.7,7200.5
36061022302,119.15142857142855,57.857142857142854,0.0,11580.0,27740.0,0.0,0.0,18980.0,0.0,238056.0,0.0,0.0,0.0,0.0,1.724186451430037,23874091.272951,23.973194401328133,127.53411437595325,0.32560233123863686,0.0,0.0,0.0,0.3275456824528889,2123.4,1419.1000000000001
36061022400,69.80668209749999,25.375,0.0,4996.0,0.0,26785.0,3797.0,0.0,0.0,165561.0,0.0,0.0,0.0,0.0958789692700073,2.4278036581667406,6729292.758234423,22.567224655586436,126.07175137591418,0.27805195709423625,0.0,0.04706896622338356,0.0,0.0,2774.7999999999997,1794.6000000000001
36061022500,80.92265119261909,99.26190476190476,0.0,14985.0,308306.0,153404.0,0.0,0.0,0.0,19966.0,0.0,0.0,0.0,0.17986312595512835,5.191448493036498,27587574.205768965,21.990754256927765,142.15934007300754,0.9408138411954747,0.001512571798680572,0.025459686083175937,0.0,0.0,17408.499999999996,13507.999999999998
36061022600,66.647599084,27.2,0.0,9792.0,10080.0,57221.0,0.0,0.0,0.0,69211.0,0.0,0.0,0.0,0.7167199803149606,3.6683344269466316,4777505.452347523,22.367125984251967,184.62721456692913,0.616578968943081,0.0035402055555141497,0.024865285862282278,0.0,0.0,2054.8999999999996,1067.8
36061022700,73.13332175038462,76.88461538461539,0.0,24960.0,156999.0,58264.0,0.0,0.0,0.0,25001.0,0.0,18700.0,0.0,0.14933221566334653,4.65857060340091,13758682.205981659,22.33009537763627,207.4976049928854,0.8660726706384009,0.0,0.03433407929355551,0.0,0.0,7304.2,5341.699999999999
36061022800,69.62458333333333,25.333333333333332,0.0,76452.0,55897.0,31100.0,7472.0,0.0,0.0,148537.0,0.0,0.0,0.0,0.17202261330127905,3.566368661921129,13341733.90889391,22.03952006210519,183.95519598820502,0.5810129859870711,0.0,0.011679049947116882,0.0,0.0,7169.7,4960.6
36061022900,74.51507277090909,104.22727272727273,0.0,0.0,255507.0,171761.0,0.0,0.0,0.0,15954.0,0.0,0.0,0.0,0.06386415836759006,4.741055272527086,23589152.38578663,18.53722062532997,176.11774686274597,0.9420998029828586,0.007138302226198521,0.036844108997116126,0.0,0.0,13037.499999999996,9639.599999999999
36061023000,69.5604347826087,24.08695652173913,0.0,24979.0,151960.0,64439.0,0.0,0.0,0.0,17791.0,0.0,0.0,0.0,0.30417603957263406,4.440635261161636,12967655.696293063,21.68314883338671,156.9996797456486,0.8535349190833061,0.0035625067883132398,0.021027479091995222,0.0,0.0,6350.699999999999,4448.6
36061023100,72.96900683655171,93.17241379310344,0.0,22980.0,261226.0,9992.0,0.0,0.0,0.0,41360.0,555700.0,0.0,0.0,0.7755352546625107,1.642190028027799,17355496.321537238,11.263914601608064,63.68762692733193,0.9251510813977719,0.0,0.006149158077773185,0.0,0.0005465918291353943,10217.599999999997,8019.2
36061023200,59.44399999999999,23.2,0.0,36116.0,38719.0,27975.0,23989.0,27337.0,0.0,95204.0,0.0,0.0,0.0,0.09933023181198364,3.2185168845752785,7355822.982725067,28.905109489051096,146.1877356220422,0.5346483822530701,0.04510875321649086,0.017445374172123537,0.1418146927433474,0.0,5127.099999999999,3632.6
36061023300,75.8647651611111,102.66666666666667,0.0,8100.0,125104.0,128907.0,14874.0,0.0,0.0,69942.0,0.0,0.0,0.0,0.1829145612765798,4.234213537718309,17305004.593567893,20.792581724685597,190.28250900045254,0.8374649327450725,0.09644150329177795,0.05832481825614396,0.0,0.0,10223.0,7769.4000000000015
36061023400,59.95996258947368,21.68421052631579,0.0,27460.0,68278.0,990408.0,0.0,0.0,0.0,10017.0,0.0,0.0,0.0,0.6970678630824065,3.108423655970873,9963381.449630346,8.468673910723131,99.66469402816917,0.9698632862770625,0.0016435112561444577,0.013447150400943375,0.0,0.0,6205.300000000001,4294.900000000001
36061023501,73.17560953451613,111.58064516129032,0.0,44290.0,222141.0,36139.0,6925.0,7435.0,20500.0,19984.0,0.0,0.0,0.0,0.36741425909449543,4.403887368709675,17920705.653481696,20.856066074636136,161.08047530314985,0.8500957108940154,0.0,0.008135902480986473,0.0,0.023611652015138394,8423.3,6099.999999999999
36061023502,69.8212951425,16.125,0.0,14378.0,31231.0,49751.0,0.0,0.0,0.0,0.0,0.0,0.0,0.0,0.44548028523489935,3.821172399328859,3739142.651069667,15.6765625,159.09535444630873,0.9784734362093049,0.0,0.01898256523970394,0.0,0.0,2086.6000000000004,1439.7
36061023600,67.88332545285714,19.928571428571427,0.0,0.0,96020.0,275930.0,0.0,0.0,0.0,225417.0,0.0,18011.0,0.0,0.10351523778880622,1.6849367380699343,17000626.26600311,13.64454042880961,73.40658912083305,0.6501519472490845,0.2640111180443507,0.023146518426075326,0.0,0.0,11784.9,9058.800000000001
36061023700,74.3348484848485,110.87878787878788,0.0,27417.0,196428.0,114940.0,0.0,0.0,0.0,21512.0,0.0,0.0,0.0,0.04607310080294868,4.792426803442715,20439552.852751262,18.02013894092929,173.5031127097922,0.9363003468471885,0.0,0.03304227667042915,0.0,0.0,11882.3,8685.8
36061023801,194.70713534571428,19.0,0.0,0.0,4347858.0,165657.0,0.0,0.0,0.0,0.0,0.0,0.0,0.0,0.05763113670830827,1.3118150709591083,19689124.804095652,33.684634481108404,128.69918167991023,0.819751466711885,0.001266024387858799,0.09323941963523433,0.0,0.00040112165437095087,7948.2,3748.4000000000005
36061023802,51.61,16.0,0.0,0.0,4231466.0,0.0,0.0,0.0,0.0,0.0,0.0,0.0,0.0,1.0,1.131215753594617,1581131.0141922424,31.78717494126149,104.82324565528826,0.7812781704978021,0.0015660054806013578,0.11221799732216406,0.0,0.0,713.6,18.2
36061023900,69.06608859777778,142.77777777777777,0.0,9584.0,77098.0,19642.0,0.0,0.0,0.0,90970.0,0.0,0.0,0.0,0.8724897868156153,2.8806958143684045,6774062.359181737,20.963384593550742,126.99144424057498,0.7590790084878173,0.0,0.0023753219880917192,0.0,0.0,3506.6,2742.4999999999995
36061024100,94.65349396324322,92.37837837837837,0.0,6615.0,453356.0,111702.0,0.0,0.0,0.0,36692.0,0.0,0.0,0.0,0.3455688607990269,5.621117256909915,40947322.1037941,27.764997986406186,207.28671274645978,0.9029602382203539,0.00563121053919784,0.019073068297691224,0.0,0.0005614542366547153,16905.3,12534.100000000002
36061024200,71.73197745105261,14.789473684210526,0.0,0.0,131377.0,56468.0,100340.0,22099.0,0.0,157976.0,0.0,35104.0,0.0,0.7171470347502007,3.2342559261290043,20933761.08097584,50.60046010441748,289.1405781899381,0.3823009469240937,0.19196097316475103,0.011288642316253974,0.017076083164210495,0.015469825701102205,8941.300000000001,4543.900000000001
36061024301,72.14627729769231,159.07692307692307,0.0,31908.0,65895.0,28053.0,0.0,0.0,0.0,53016.0,0.0,0.0,0.0,0.5587123753298449,3.9795719844357977,8378547.301923221,14.505903662954514,161.8140346169328,0.77045209978731,0.007796761604531394,0.005900252025050784,0.0,0.0,4049.2000000000003,3115.1
36061024302,36.043457765,13.0,0.0,0.0,0.0,0.0,0.0,0.0,0.0,289651.0,0.0,0.0,0.0,1.0,0.4595047142940988,2155045.425818685,23.481016809885,57.04175024425947,0.0,0.31139929073751277,0.0,0.0,0.0,893.2,598.6999999999999
36061024500,71.7126068353846,147.35384615384615,0.0,87421.0,178043.0,484999.0,18225.0,0.0,0.0,54614.0,0.0,9992.0,0.0,0.238757269343113,4.233355814394439,42150814.94880769,20.452925378077847,158.31063226184276,0.8684331973591335,0.007119510833052219,0.06685054838517646,0.0,0.0,24089.299999999996,16846.5
36061024700,82.6856718489362,120.51063829787235,0.0,38476.0,641644.0,73876.0,0.0,0.0,0.0,0.0,0.0,207850.0,0.0,0.33932355075552634,3.817386567080385,49626211.053172894,18.079145726030987,104.41625478506954,0.8161358462940439,0.0018220254277402147,0.0013617529355308031,0.0,0.0,18787.199999999997,15129.4
36061024900,60.643245468888885,154.77777777777777,0.0,7500.0,11325.0,31823.0,0.0,0.0,0.0,217314.0,0.0,0.0,0.0,0.6752748524044454,2.1055037654592814,8127150.167199792,21.193318455601915,187.07035699091662,0.3536419145862689,0.01651024911599713,0.013346449365910722,0.0,0.0,3097.2,1678.9
36061025100,91.00027869571426,166.1904761904762,0.0,0.0,22438.0,39978.0,101873.0,0.0,0.0,175424.0,83100.0,9500.0,0.0,0.5135584634281181,4.099647708951616,27843727.192171857,30.158357486358263,382.6040392030774,0.14103291089531245,0.22835012195803153,0.01669157736337061,0.0,0.0,17134.499999999996,7967.700000000001
36061025300,66.50579462603773,186.58490566037736,0.0,153574.0,138231.0,244845.0,0.0,0.0,0.0,0.0,0.0,0.0,0.0,0.17403149166123172,4.3524420013043885,26332116.696731914,19.155501723656013,148.3176185595826,0.9495405734718534,0.0007706343776570831,0.049431914024603785,0.0,0.0,15422.599999999997,11801.299999999997
36061025500,86.8557867893617,178.72340425531914,0.0,70626.0,286386.0,103409.0,0.0,0.0,0.0,172093.0,290125.0,0.0,0.0,0.5576904943320193,5.4091318489680145,45039623.53114342,24.297314550978225,327.5067496604848,0.3971672374644237,0.0431805230393638,0.0004989304054200273,0.0,0.0,21520.099999999995,14956.900000000003
36061025700,74.03368401239999,29.4,0.0,0.0,155104.0,103996.0,19304.0,0.0,0.0,129431.0,0.0,0.0,0.0,0.5154535535204188,3.8386406267240427,19304937.27603702,29.174666225311707,203.32382703789523,0.7924782118794123,0.08798478727997895,0.04351875273070113,0.0,0.0008418863364019388,10306.5,5956.299999999998
36061025900,108.18205185142857,22.0,0.0,0.0,68232.0,132727.0,0.0,0.0,0.0,0.0,0.0,0.0,0.0,0.5477933309779607,5.754954990819023,14585730.270712588,26.844296597813486,338.61688205056754,0.8272803520937995,0.0,0.09577262626349967,0.0,0.0,6015.499999999999,3335.5000000000005
36061026100,80.83794338375,177.55,0.0,58087.0,91870.0,303784.0,7500.0,0.0,0.0,55474.0,0.0,0.0,0.0,0.3801379870915301,5.0563540830051386,34054197.365930386,19.210028739246972,157.24200187724375,0.8639878990804127,0.014189951062007261,0.04237465237031202,0.0,0.00012324443658537893,11328.199999999999,8258.2
36061026300,80.29422176808511,192.12765957446808,0.0,70369.0,65246.0,410830.0,0.0,0.0,0.0,89825.0,0.0,20989.0,0.0,0.4825145034149399,5.0731416382278525,38878944.82478294,20.667879785594415,190.59678148188158,0.836834746494688,0.004498603633432183,0.041027265136901504,0.0,0.0,23184.20000000001,18053.899999999998
36061026500,70.1336949811111,190.26666666666668,0.0,59175.0,199880.0,305616.0,0.0,0.0,0.0,0.0,0.0,0.0,0.0,0.29225867806209277,4.427356814853251,28076986.844552822,18.528003031853945,157.64192069364285,0.9472164,0.0186724,0.026,0.0,0.0,15694.499999999998,11751.899999999998
36061026700,72.898125,177.5625,0.0,0.0,134051.0,31680.0,0.0,0.0,0.0,139238.0,0.0,19800.0,0.0,0.3447065452675594,3.534444482078031,11862034.339705266,13.598280624074341,136.5633727356983,0.5554640824199087,0.0,0.005662622682898357,0.0,0.0,7702.700000000001,5436.299999999998
36061026900,64.42983431465119,182.88372093023256,0.0,106814.0,53338.0,120699.0,49920.0,0.0,0.0,172828.0,0.0,8963.0,0.0,0.30313796184656683,3.7476578443193214,25527516.04731916,20.08469219333466,151.84455734135577,0.5419117114987868,0.03618082499569214,0.04211864499426573,0.0,0.0,12418.100000000002,7997.1
36061027100,66.35184685061225,162.9387755102041,0.0,15000.0,317241.0,230812.0,67342.0,0.0,21133.0,169679.0,0.0,0.0,22100.0,0.4105278386163046,3.4018157088699605,34897357.496157736,25.093141643553295,183.70013174324416,0.7759998605676639,0.017020156687087694,0.06414514906188182,0.0,0.0014305757684028898,15680.000000000002,11310.2
36061027300,68.85081778098039,221.47058823529412,0.0,117265.0,534921.0,215807.0,0.0,0.0,0.0,176875.0,0.0,0.0,0.0,0.4633360386192323,3.3805810877546256,37866479.81652904,17.267111252330437,145.26242166474617,0.9275005442689541,0.0033709287054382447,0.011864921646503471,0.0,0.0,23743.000000000004,19159.600000000002
36061027500,85.34357142857142,198.85714285714286,0.0,0.0,581800.0,0.0,0.0,0.0,0.0,0.0,0.0,0.0,0.0,0.8178566517703678,3.1805534547954624,12288268.067436833,15.86679271227226,107.39979374355448,0.9454153214954665,0.0010392089258481469,0.0,0.0,0.0,11801.5,10205.4
36061027700,74.58508730864864,211.40540540540542,0.0,197726.0,0.0,125041.0,0.0,0.0,0.0,1010106.0,0.0,0.0,0.0,0.3910162483597462,2.8273939077466497,37053696.46050279,14.990512974604481,117.44059636589533,0.3213959613719522,0.0015390506233553054,0.00827903093942854,0.0,0.0,16156.300000000001,11112.499999999998
36061027900,67.38582198416668,162.0,0.0,157824.0,485044.0,262567.0,0.0,7952.0,0.0,0.0,0.0,0.0,0.0,0.3342964154296043,3.8742165150149934,32908554.758249536,16.37148328145682,124.10254360966381,0.9545915557277489,0.002024213127063105,0.020335104343198934,0.0,0.010032048863707975,20526.100000000006,15714.199999999999
36061028100,73.91572347416668,189.0,0.0,0.0,293787.0,0.0,0.0,0.0,0.0,17700.0,0.0,0.0,0.0,0.48994661093400366,3.516031166629747,12846913.141466737,21.336518056933354,161.06337343131494,0.9307376383083241,0.0008391176755253388,0.0,0.0,0.0,7254.0,5472.4
36061028300,81.88059345357142,51.25,0.0,7500.0,534850.0,135175.0,0.0,0.0,0.0,101750.0,0.0,0.0,0.0,0.7201244746719707,3.214120817426454,24662939.578694165,19.22883449359982,121.6020660229059,0.9101263872009403,0.004371808978697512,0.011179054922696835,0.0,0.0,13967.300000000001,10534.100000000002
36061028500,63.99638888888889,24.13888888888889,0.0,278000.0,54992.0,124665.0,0.0,0.0,0.0,81525.0,0.0,0.0,0.0,0.09162026922263726,3.5552911632806734,22757081.409912452,16.364789625766438,140.51285094828833,0.8444460442087922,0.0013563219470105882,0.017188772366922647,0.0,0.0,11375.0,8445.0
36061028700,62.08214621085713,32.714285714285715,0.0,55088.0,188870.0,140387.0,0.0,57350.0,0.0,174475.0,0.0,14980.0,0.0,0.3307993345480472,3.1461982096173653,24879761.802319687,17.352610314505267,101.7079141250099,0.790789551211322,0.00498558963158507,0.020597031912305996,0.03116446755161722,0.019363224377216763,12146.400000000005,9016.199999999999
36061029100,63.73826395524998,13.1,0.0,290700.0,74250.0,161000.0,10000.0,0.0,0.0,128900.0,0.0,0.0,0.0,0.23851244641648492,3.198219147176055,27344832.8381768,18.190870121079943,130.03060840791156,0.8020482181555502,0.0018811702383818925,0.025640350349145195,0.0,0.0,14902.899999999998,11085.499999999998
36061029300,64.17045268550001,18.225,0.0,166650.0,64375.0,309275.0,0.0,0.0,0.0,21250.0,0.0,18075.0,0.0,0.13720077636402847,3.594341168859176,24993102.819191694,12.203666163467759,127.77399180504636,0.9015210932287592,0.004799915521486822,0.031199450889664342,0.0,0.0,15404.600000000004,11447.1
36061029500,66.32531851770831,42.229166666666664,0.0,141451.0,296437.0,208150.0,0.0,0.0,0.0,0.0,0.0,0.0,0.0,0.20265835755791456,4.013924877483987,28044506.658580743,17.404781142904906,149.32991557772144,0.9699978558879015,0.006362922594468191,0.02298364767456389,0.0,0.0,16660.2,12800.9
36061029700,51.165,54.0,0.0,0.0,0.0,0.0,0.0,0.0,0.0,195907.0,1004668.0,0.0,0.0,1.0,0.45454719613518524,6794593.19200534,18.47527226537284,62.24754804989276,0.0,0.0,0.0,0.0,0.0,5981.5,2932.2000000000003
36061029900,39.02685506153846,14.76923076923077,0.0,30000.0,39968.0,0.0,149224.0,19983.0,166450.0,157990.0,0.0,0.0,0.0,0.7309528667618853,1.1716934432192188,11981441.091556508,16.202283473647793,81.83937616990322,0.29568251199302226,0.16875484566555216,0.08177060619276058,0.0,0.06057081940204487,7292.2,2657.4
36061030300,69.67850502535715,47.285714285714285,0.0,56826.0,121975.0,99635.0,0.0,57581.0,0.0,86450.0,0.0,0.0,0.0,0.5621740869701065,4.26088191503715,24122892.87920539,16.41429981513349,156.06366887827926,0.6209156027336532,0.04419909759666504,0.014566003104303026,0.0,0.17047278957291945,9532.199999999999,6318.299999999998
36061030700,72.34542565407408,58.25925925925926,0.0,6500.0,331379.0,55761.0,0.0,0.0,0.0,0.0,0.0,0.0,0.0,0.348859363885784,4.302197439284625,17217329.136116665,22.729778477796973,143.97279239914644,0.9625141052614176,0.003247679237940924,0.004605799646534401,0.0,0.0,9959.900000000001,8152.000000000001
36061030900,78.26230901869565,48.34782608695652,0.0,103403.0,151500.0,53712.0,111084.0,185000.0,0.0,0.0,0.0,0.0,0.0,0.6628554040936069,3.103519271571476,41916159.507702425,26.434474011036897,97.85488317328125,0.7214997642131513,0.01213889310729767,0.04212405318925025,0.0,0.16784826516828788,9220.5,6606.799999999999
36061031100,53.230301315,186.5,0.0,7600.0,0.0,0.0,0.0,0.0,0.0,0.0,3293950.0,0.0,0.0,0.9976980509154791,0.018281716163620117,1515179.0284207196,7.18380760551862,8.546394875134407,0.667749097054243,0.0,0.0,0.0,0.0,499.1,324.9
36061031703,352.3316166761112,13.88888888888889,0.0,0.0,75496.0,136779.0,603747.0,0.0,0.0,88291.0,0.0,0.0,0.0,0.40131458908585854,15.183111378471834,299750251.27613854,310.4592314829047,1875.6137100760466,0.219037405268718,0.6176226494934374,0.034024566860775284,0.0,0.005154736409331635,99504.20000000001,15021.7
36061031704,219.88720299047623,12.761904761904763,0.0,0.0,88679.0,412937.0,94530.0,0.0,0.0,88769.0,0.0,0.0,0.0,0.44693283108122905,8.561728097647153,128850648.59151095,254.48719184132338,1196.0393859092005,0.6112354656913236,0.2478770666582993,0.01765228708593506,0.0,0.0009198411474924523,31115.700000000004,15526.800000000001
36061031900,25.61587259,9.0,0.0,0.0,0.0,0.0,0.0,0.0,0.0,0.0,945425.0,0.0,0.0,1.0,1.0,454397.1447500576,109.12285056984953,125.29698283840601,0.0,0.0,0.0,0.0,0.0,7.5,7.5
36081058100,7.64,91.0,0.0,0.0,0.0,0.0,61660.0,0.0,0.0,0.0,0.0,0.0,0.0,0.0,5.027570548167369,2747.6741636636407,47.437560817385666,467.65407071034707,0.0,0.0,0.8,0.0,0.0,2110.3,283.8
